## OBJ file generated by Nuke ##

# vertex list - offset=0
v 0.000000 -1.000000 0.000000
v 0.000000 -0.994522 0.104528
v 0.021733 -0.994522 0.102244
v 0.042516 -0.994522 0.095491
v 0.061440 -0.994522 0.084565
v 0.077680 -0.994522 0.069943
v 0.090524 -0.994522 0.052264
v 0.099412 -0.994522 0.032301
v 0.103956 -0.994522 0.010926
v 0.103956 -0.994522 -0.010926
v 0.099412 -0.994522 -0.032301
v 0.090524 -0.994522 -0.052264
v 0.077680 -0.994522 -0.069943
v 0.061440 -0.994522 -0.084565
v 0.042516 -0.994522 -0.095492
v 0.021733 -0.994522 -0.102244
v -0.000000 -0.994522 -0.104528
v -0.021733 -0.994522 -0.102244
v -0.042516 -0.994522 -0.095491
v -0.061440 -0.994522 -0.084565
v -0.077680 -0.994522 -0.069943
v -0.090524 -0.994522 -0.052264
v -0.099412 -0.994522 -0.032301
v -0.103956 -0.994522 -0.010926
v -0.103956 -0.994522 0.010926
v -0.099412 -0.994522 0.032301
v -0.090524 -0.994522 0.052264
v -0.077680 -0.994522 0.069943
v -0.061440 -0.994522 0.084565
v -0.042516 -0.994522 0.095492
v -0.021733 -0.994522 0.102244
v 0.000000 -0.978148 0.207912
v 0.043227 -0.978148 0.203368
v 0.084565 -0.978148 0.189937
v 0.122207 -0.978148 0.168204
v 0.154509 -0.978148 0.139120
v 0.180057 -0.978148 0.103956
v 0.197736 -0.978148 0.064248
v 0.206773 -0.978148 0.021733
v 0.206773 -0.978148 -0.021733
v 0.197736 -0.978148 -0.064248
v 0.180057 -0.978148 -0.103956
v 0.154509 -0.978148 -0.139120
v 0.122207 -0.978148 -0.168204
v 0.084565 -0.978148 -0.189937
v 0.043227 -0.978148 -0.203368
v -0.000000 -0.978148 -0.207912
v -0.043227 -0.978148 -0.203368
v -0.084565 -0.978148 -0.189937
v -0.122207 -0.978148 -0.168204
v -0.154509 -0.978148 -0.139120
v -0.180057 -0.978148 -0.103956
v -0.197736 -0.978148 -0.064248
v -0.206773 -0.978148 -0.021733
v -0.206773 -0.978148 0.021733
v -0.197736 -0.978148 0.064248
v -0.180057 -0.978148 0.103956
v -0.154508 -0.978148 0.139120
v -0.122207 -0.978148 0.168204
v -0.084565 -0.978148 0.189937
v -0.043227 -0.978148 0.203368
v 0.000000 -0.951057 0.309017
v 0.064248 -0.951057 0.302264
v 0.125689 -0.951057 0.282301
v 0.181636 -0.951057 0.250000
v 0.229644 -0.951057 0.206773
v 0.267617 -0.951057 0.154508
v 0.293893 -0.951057 0.095491
v 0.307324 -0.951057 0.032301
v 0.307324 -0.951057 -0.032301
v 0.293893 -0.951057 -0.095492
v 0.267617 -0.951057 -0.154509
v 0.229644 -0.951057 -0.206773
v 0.181636 -0.951057 -0.250000
v 0.125689 -0.951057 -0.282301
v 0.064248 -0.951057 -0.302264
v -0.000000 -0.951057 -0.309017
v -0.064248 -0.951057 -0.302264
v -0.125689 -0.951057 -0.282301
v -0.181636 -0.951057 -0.250000
v -0.229644 -0.951057 -0.206773
v -0.267617 -0.951057 -0.154508
v -0.293893 -0.951057 -0.095492
v -0.307324 -0.951057 -0.032301
v -0.307324 -0.951057 0.032301
v -0.293893 -0.951057 0.095492
v -0.267617 -0.951057 0.154508
v -0.229644 -0.951057 0.206773
v -0.181636 -0.951057 0.250000
v -0.125688 -0.951057 0.282301
v -0.064248 -0.951057 0.302264
v 0.000000 -0.913545 0.406737
v 0.084565 -0.913545 0.397848
v 0.165435 -0.913545 0.371572
v 0.239074 -0.913545 0.329057
v 0.302264 -0.913545 0.272160
v 0.352244 -0.913545 0.203368
v 0.386830 -0.913545 0.125689
v 0.404509 -0.913545 0.042516
v 0.404509 -0.913545 -0.042516
v 0.386830 -0.913545 -0.125689
v 0.352244 -0.913545 -0.203368
v 0.302264 -0.913545 -0.272160
v 0.239074 -0.913545 -0.329057
v 0.165435 -0.913545 -0.371572
v 0.084565 -0.913545 -0.397848
v -0.000000 -0.913545 -0.406737
v -0.084565 -0.913545 -0.397848
v -0.165435 -0.913545 -0.371572
v -0.239074 -0.913545 -0.329057
v -0.302264 -0.913545 -0.272160
v -0.352244 -0.913545 -0.203368
v -0.386830 -0.913545 -0.125689
v -0.404509 -0.913545 -0.042516
v -0.404508 -0.913545 0.042516
v -0.386830 -0.913545 0.125689
v -0.352244 -0.913545 0.203368
v -0.302264 -0.913545 0.272160
v -0.239074 -0.913545 0.329057
v -0.165435 -0.913545 0.371572
v -0.084565 -0.913545 0.397848
v 0.000000 -0.866025 0.500000
v 0.103956 -0.866025 0.489074
v 0.203368 -0.866025 0.456773
v 0.293893 -0.866025 0.404509
v 0.371572 -0.866025 0.334565
v 0.433013 -0.866025 0.250000
v 0.475528 -0.866025 0.154508
v 0.497261 -0.866025 0.052264
v 0.497261 -0.866025 -0.052264
v 0.475528 -0.866025 -0.154509
v 0.433013 -0.866025 -0.250000
v 0.371572 -0.866025 -0.334565
v 0.293893 -0.866025 -0.404509
v 0.203368 -0.866025 -0.456773
v 0.103956 -0.866025 -0.489074
v -0.000000 -0.866025 -0.500000
v -0.103956 -0.866025 -0.489074
v -0.203368 -0.866025 -0.456773
v -0.293893 -0.866025 -0.404508
v -0.371572 -0.866025 -0.334565
v -0.433013 -0.866025 -0.250000
v -0.475528 -0.866025 -0.154509
v -0.497261 -0.866025 -0.052264
v -0.497261 -0.866025 0.052264
v -0.475528 -0.866025 0.154509
v -0.433013 -0.866025 0.250000
v -0.371572 -0.866025 0.334565
v -0.293892 -0.866025 0.404509
v -0.203368 -0.866025 0.456773
v -0.103956 -0.866025 0.489074
v 0.000000 -0.809017 0.587785
v 0.122207 -0.809017 0.574941
v 0.239074 -0.809017 0.536969
v 0.345491 -0.809017 0.475528
v 0.436810 -0.809017 0.393305
v 0.509037 -0.809017 0.293893
v 0.559017 -0.809017 0.181636
v 0.584565 -0.809017 0.061440
v 0.584565 -0.809017 -0.061440
v 0.559017 -0.809017 -0.181636
v 0.509037 -0.809017 -0.293893
v 0.436810 -0.809017 -0.393305
v 0.345491 -0.809017 -0.475528
v 0.239074 -0.809017 -0.536969
v 0.122207 -0.809017 -0.574941
v -0.000000 -0.809017 -0.587785
v -0.122207 -0.809017 -0.574941
v -0.239074 -0.809017 -0.536969
v -0.345492 -0.809017 -0.475528
v -0.436810 -0.809017 -0.393305
v -0.509037 -0.809017 -0.293893
v -0.559017 -0.809017 -0.181636
v -0.584565 -0.809017 -0.061440
v -0.584565 -0.809017 0.061441
v -0.559017 -0.809017 0.181636
v -0.509037 -0.809017 0.293893
v -0.436810 -0.809017 0.393305
v -0.345491 -0.809017 0.475528
v -0.239074 -0.809017 0.536969
v -0.122207 -0.809017 0.574941
v 0.000000 -0.743145 0.669131
v 0.139120 -0.743145 0.654509
v 0.272160 -0.743145 0.611281
v 0.393305 -0.743145 0.541338
v 0.497261 -0.743145 0.447736
v 0.579484 -0.743145 0.334565
v 0.636381 -0.743145 0.206773
v 0.665465 -0.743145 0.069943
v 0.665465 -0.743145 -0.069943
v 0.636381 -0.743145 -0.206773
v 0.579484 -0.743145 -0.334565
v 0.497261 -0.743145 -0.447736
v 0.393305 -0.743145 -0.541338
v 0.272160 -0.743145 -0.611281
v 0.139120 -0.743145 -0.654509
v -0.000000 -0.743145 -0.669131
v -0.139120 -0.743145 -0.654508
v -0.272160 -0.743145 -0.611281
v -0.393305 -0.743145 -0.541338
v -0.497261 -0.743145 -0.447736
v -0.579484 -0.743145 -0.334565
v -0.636381 -0.743145 -0.206773
v -0.665465 -0.743145 -0.069943
v -0.665465 -0.743145 0.069943
v -0.636381 -0.743145 0.206773
v -0.579484 -0.743145 0.334565
v -0.497261 -0.743145 0.447736
v -0.393305 -0.743145 0.541338
v -0.272160 -0.743145 0.611281
v -0.139120 -0.743145 0.654508
v 0.000000 -0.669131 0.743145
v 0.154509 -0.669131 0.726905
v 0.302264 -0.669131 0.678897
v 0.436810 -0.669131 0.601217
v 0.552264 -0.669131 0.497261
v 0.643582 -0.669131 0.371572
v 0.706773 -0.669131 0.229644
v 0.739074 -0.669131 0.077680
v 0.739074 -0.669131 -0.077680
v 0.706773 -0.669131 -0.229644
v 0.643582 -0.669131 -0.371572
v 0.552264 -0.669131 -0.497261
v 0.436810 -0.669131 -0.601217
v 0.302264 -0.669131 -0.678897
v 0.154508 -0.669131 -0.726905
v -0.000000 -0.669131 -0.743145
v -0.154509 -0.669131 -0.726905
v -0.302264 -0.669131 -0.678897
v -0.436810 -0.669131 -0.601217
v -0.552264 -0.669131 -0.497261
v -0.643582 -0.669131 -0.371572
v -0.706773 -0.669131 -0.229644
v -0.739074 -0.669131 -0.077680
v -0.739074 -0.669131 0.077680
v -0.706773 -0.669131 0.229644
v -0.643582 -0.669131 0.371572
v -0.552264 -0.669131 0.497261
v -0.436809 -0.669131 0.601217
v -0.302264 -0.669131 0.678897
v -0.154509 -0.669131 0.726905
v 0.000000 -0.587785 0.809017
v 0.168204 -0.587785 0.791338
v 0.329057 -0.587785 0.739074
v 0.475528 -0.587785 0.654509
v 0.601217 -0.587785 0.541338
v 0.700629 -0.587785 0.404508
v 0.769421 -0.587785 0.250000
v 0.804585 -0.587785 0.084565
v 0.804585 -0.587785 -0.084565
v 0.769421 -0.587785 -0.250000
v 0.700629 -0.587785 -0.404509
v 0.601217 -0.587785 -0.541338
v 0.475528 -0.587785 -0.654509
v 0.329057 -0.587785 -0.739074
v 0.168204 -0.587785 -0.791338
v -0.000000 -0.587785 -0.809017
v -0.168204 -0.587785 -0.791338
v -0.329057 -0.587785 -0.739074
v -0.475528 -0.587785 -0.654508
v -0.601217 -0.587785 -0.541338
v -0.700629 -0.587785 -0.404508
v -0.769421 -0.587785 -0.250000
v -0.804585 -0.587785 -0.084565
v -0.804585 -0.587785 0.084566
v -0.769421 -0.587785 0.250000
v -0.700629 -0.587785 0.404508
v -0.601217 -0.587785 0.541338
v -0.475528 -0.587785 0.654509
v -0.329057 -0.587785 0.739074
v -0.168204 -0.587785 0.791338
v 0.000000 -0.500000 0.866025
v 0.180057 -0.500000 0.847101
v 0.352244 -0.500000 0.791154
v 0.509037 -0.500000 0.700629
v 0.643582 -0.500000 0.579484
v 0.750000 -0.500000 0.433013
v 0.823639 -0.500000 0.267617
v 0.861281 -0.500000 0.090524
v 0.861281 -0.500000 -0.090524
v 0.823639 -0.500000 -0.267617
v 0.750000 -0.500000 -0.433013
v 0.643582 -0.500000 -0.579484
v 0.509037 -0.500000 -0.700629
v 0.352244 -0.500000 -0.791154
v 0.180057 -0.500000 -0.847101
v -0.000000 -0.500000 -0.866025
v -0.180057 -0.500000 -0.847101
v -0.352244 -0.500000 -0.791154
v -0.509037 -0.500000 -0.700629
v -0.643582 -0.500000 -0.579484
v -0.750000 -0.500000 -0.433013
v -0.823639 -0.500000 -0.267617
v -0.861281 -0.500000 -0.090524
v -0.861281 -0.500000 0.090525
v -0.823639 -0.500000 0.267617
v -0.750000 -0.500000 0.433013
v -0.643582 -0.500000 0.579484
v -0.509037 -0.500000 0.700630
v -0.352244 -0.500000 0.791154
v -0.180057 -0.500000 0.847101
v 0.000000 -0.406737 0.913545
v 0.189937 -0.406737 0.893582
v 0.371572 -0.406737 0.834565
v 0.536969 -0.406737 0.739074
v 0.678897 -0.406737 0.611281
v 0.791154 -0.406737 0.456773
v 0.868833 -0.406737 0.282301
v 0.908541 -0.406737 0.095491
v 0.908541 -0.406737 -0.095492
v 0.868833 -0.406737 -0.282301
v 0.791154 -0.406737 -0.456773
v 0.678897 -0.406737 -0.611281
v 0.536969 -0.406737 -0.739074
v 0.371572 -0.406737 -0.834565
v 0.189937 -0.406737 -0.893582
v -0.000000 -0.406737 -0.913545
v -0.189937 -0.406737 -0.893582
v -0.371572 -0.406737 -0.834565
v -0.536969 -0.406737 -0.739074
v -0.678897 -0.406737 -0.611281
v -0.791154 -0.406737 -0.456773
v -0.868833 -0.406737 -0.282301
v -0.908541 -0.406737 -0.095491
v -0.908541 -0.406737 0.095492
v -0.868833 -0.406737 0.282301
v -0.791154 -0.406737 0.456773
v -0.678897 -0.406737 0.611281
v -0.536968 -0.406737 0.739074
v -0.371572 -0.406737 0.834565
v -0.189937 -0.406737 0.893582
v 0.000000 -0.309017 0.951057
v 0.197736 -0.309017 0.930274
v 0.386830 -0.309017 0.868833
v 0.559017 -0.309017 0.769421
v 0.706773 -0.309017 0.636381
v 0.823639 -0.309017 0.475528
v 0.904509 -0.309017 0.293893
v 0.945847 -0.309017 0.099412
v 0.945847 -0.309017 -0.099413
v 0.904508 -0.309017 -0.293893
v 0.823639 -0.309017 -0.475528
v 0.706773 -0.309017 -0.636381
v 0.559017 -0.309017 -0.769421
v 0.386829 -0.309017 -0.868833
v 0.197736 -0.309017 -0.930274
v -0.000000 -0.309017 -0.951057
v -0.197736 -0.309017 -0.930274
v -0.386830 -0.309017 -0.868833
v -0.559017 -0.309017 -0.769421
v -0.706773 -0.309017 -0.636381
v -0.823639 -0.309017 -0.475528
v -0.904508 -0.309017 -0.293893
v -0.945847 -0.309017 -0.099412
v -0.945846 -0.309017 0.099413
v -0.904508 -0.309017 0.293893
v -0.823639 -0.309017 0.475528
v -0.706773 -0.309017 0.636381
v -0.559017 -0.309017 0.769421
v -0.386829 -0.309017 0.868833
v -0.197736 -0.309017 0.930274
v 0.000000 -0.207912 0.978148
v 0.203368 -0.207912 0.956773
v 0.397848 -0.207912 0.893582
v 0.574941 -0.207912 0.791338
v 0.726905 -0.207912 0.654508
v 0.847101 -0.207912 0.489074
v 0.930274 -0.207912 0.302264
v 0.972789 -0.207912 0.102244
v 0.972789 -0.207912 -0.102244
v 0.930274 -0.207912 -0.302264
v 0.847101 -0.207912 -0.489074
v 0.726905 -0.207912 -0.654509
v 0.574941 -0.207912 -0.791338
v 0.397848 -0.207912 -0.893582
v 0.203368 -0.207912 -0.956773
v -0.000000 -0.207912 -0.978148
v -0.203368 -0.207912 -0.956773
v -0.397849 -0.207912 -0.893582
v -0.574941 -0.207912 -0.791338
v -0.726905 -0.207912 -0.654508
v -0.847101 -0.207912 -0.489074
v -0.930274 -0.207912 -0.302264
v -0.972789 -0.207912 -0.102244
v -0.972789 -0.207912 0.102245
v -0.930274 -0.207912 0.302264
v -0.847101 -0.207912 0.489074
v -0.726905 -0.207912 0.654509
v -0.574940 -0.207912 0.791338
v -0.397848 -0.207912 0.893582
v -0.203368 -0.207912 0.956773
v 0.000000 -0.104528 0.994522
v 0.206773 -0.104528 0.972789
v 0.404509 -0.104528 0.908541
v 0.584565 -0.104528 0.804585
v 0.739074 -0.104528 0.665465
v 0.861281 -0.104528 0.497261
v 0.945847 -0.104528 0.307324
v 0.989074 -0.104528 0.103956
v 0.989074 -0.104528 -0.103956
v 0.945846 -0.104528 -0.307324
v 0.861281 -0.104528 -0.497261
v 0.739074 -0.104528 -0.665465
v 0.584565 -0.104528 -0.804585
v 0.404508 -0.104528 -0.908541
v 0.206773 -0.104528 -0.972789
v -0.000000 -0.104528 -0.994522
v -0.206773 -0.104528 -0.972789
v -0.404509 -0.104528 -0.908541
v -0.584565 -0.104528 -0.804585
v -0.739074 -0.104528 -0.665465
v -0.861281 -0.104528 -0.497261
v -0.945846 -0.104528 -0.307324
v -0.989074 -0.104528 -0.103956
v -0.989074 -0.104528 0.103956
v -0.945846 -0.104528 0.307324
v -0.861281 -0.104528 0.497261
v -0.739074 -0.104528 0.665465
v -0.584565 -0.104528 0.804585
v -0.404508 -0.104528 0.908541
v -0.206773 -0.104528 0.972789
v 0.000000 0.000000 1.000000
v 0.207912 0.000000 0.978148
v 0.406737 0.000000 0.913545
v 0.587785 0.000000 0.809017
v 0.743145 0.000000 0.669131
v 0.866025 0.000000 0.500000
v 0.951057 0.000000 0.309017
v 0.994522 0.000000 0.104528
v 0.994522 0.000000 -0.104529
v 0.951056 0.000000 -0.309017
v 0.866025 0.000000 -0.500000
v 0.743145 0.000000 -0.669131
v 0.587785 0.000000 -0.809017
v 0.406737 0.000000 -0.913545
v 0.207912 0.000000 -0.978148
v -0.000000 0.000000 -1.000000
v -0.207912 0.000000 -0.978148
v -0.406737 0.000000 -0.913545
v -0.587785 0.000000 -0.809017
v -0.743145 0.000000 -0.669131
v -0.866025 0.000000 -0.500000
v -0.951056 0.000000 -0.309017
v -0.994522 0.000000 -0.104528
v -0.994522 0.000000 0.104529
v -0.951056 0.000000 0.309017
v -0.866025 0.000000 0.500000
v -0.743145 0.000000 0.669131
v -0.587785 0.000000 0.809017
v -0.406736 0.000000 0.913546
v -0.207912 0.000000 0.978148
v 0.000000 0.104529 0.994522
v 0.206773 0.104529 0.972789
v 0.404509 0.104529 0.908541
v 0.584565 0.104529 0.804585
v 0.739074 0.104529 0.665465
v 0.861281 0.104529 0.497261
v 0.945847 0.104529 0.307324
v 0.989074 0.104529 0.103956
v 0.989074 0.104529 -0.103956
v 0.945846 0.104529 -0.307324
v 0.861281 0.104529 -0.497261
v 0.739074 0.104529 -0.665465
v 0.584565 0.104529 -0.804585
v 0.404508 0.104529 -0.908541
v 0.206773 0.104529 -0.972789
v -0.000000 0.104529 -0.994522
v -0.206773 0.104529 -0.972789
v -0.404509 0.104529 -0.908541
v -0.584565 0.104529 -0.804585
v -0.739074 0.104529 -0.665465
v -0.861281 0.104529 -0.497261
v -0.945846 0.104529 -0.307324
v -0.989074 0.104529 -0.103956
v -0.989074 0.104529 0.103956
v -0.945846 0.104529 0.307324
v -0.861281 0.104529 0.497261
v -0.739074 0.104529 0.665465
v -0.584565 0.104529 0.804585
v -0.404508 0.104529 0.908541
v -0.206773 0.104529 0.972789
v 0.000000 0.207912 0.978148
v 0.203368 0.207912 0.956773
v 0.397848 0.207912 0.893582
v 0.574941 0.207912 0.791338
v 0.726905 0.207912 0.654508
v 0.847101 0.207912 0.489074
v 0.930274 0.207912 0.302264
v 0.972789 0.207912 0.102244
v 0.972789 0.207912 -0.102244
v 0.930274 0.207912 -0.302264
v 0.847101 0.207912 -0.489074
v 0.726905 0.207912 -0.654509
v 0.574941 0.207912 -0.791338
v 0.397848 0.207912 -0.893582
v 0.203368 0.207912 -0.956773
v -0.000000 0.207912 -0.978148
v -0.203368 0.207912 -0.956773
v -0.397849 0.207912 -0.893582
v -0.574941 0.207912 -0.791338
v -0.726905 0.207912 -0.654508
v -0.847101 0.207912 -0.489074
v -0.930274 0.207912 -0.302264
v -0.972789 0.207912 -0.102244
v -0.972789 0.207912 0.102245
v -0.930274 0.207912 0.302264
v -0.847101 0.207912 0.489074
v -0.726905 0.207912 0.654509
v -0.574940 0.207912 0.791338
v -0.397848 0.207912 0.893582
v -0.203368 0.207912 0.956773
v 0.000000 0.309017 0.951056
v 0.197736 0.309017 0.930274
v 0.386830 0.309017 0.868833
v 0.559017 0.309017 0.769421
v 0.706773 0.309017 0.636381
v 0.823639 0.309017 0.475528
v 0.904508 0.309017 0.293893
v 0.945846 0.309017 0.099412
v 0.945846 0.309017 -0.099413
v 0.904508 0.309017 -0.293893
v 0.823639 0.309017 -0.475528
v 0.706773 0.309017 -0.636381
v 0.559017 0.309017 -0.769421
v 0.386829 0.309017 -0.868833
v 0.197736 0.309017 -0.930274
v -0.000000 0.309017 -0.951056
v -0.197736 0.309017 -0.930274
v -0.386830 0.309017 -0.868833
v -0.559017 0.309017 -0.769421
v -0.706773 0.309017 -0.636381
v -0.823639 0.309017 -0.475528
v -0.904508 0.309017 -0.293893
v -0.945846 0.309017 -0.099412
v -0.945846 0.309017 0.099413
v -0.904508 0.309017 0.293893
v -0.823639 0.309017 0.475528
v -0.706773 0.309017 0.636381
v -0.559017 0.309017 0.769421
v -0.386829 0.309017 0.868833
v -0.197736 0.309017 0.930274
v 0.000000 0.406737 0.913545
v 0.189937 0.406737 0.893582
v 0.371572 0.406737 0.834565
v 0.536969 0.406737 0.739074
v 0.678897 0.406737 0.611281
v 0.791154 0.406737 0.456773
v 0.868833 0.406737 0.282301
v 0.908541 0.406737 0.095491
v 0.908541 0.406737 -0.095492
v 0.868833 0.406737 -0.282301
v 0.791154 0.406737 -0.456773
v 0.678897 0.406737 -0.611281
v 0.536968 0.406737 -0.739074
v 0.371572 0.406737 -0.834565
v 0.189937 0.406737 -0.893582
v -0.000000 0.406737 -0.913545
v -0.189937 0.406737 -0.893582
v -0.371572 0.406737 -0.834565
v -0.536969 0.406737 -0.739074
v -0.678897 0.406737 -0.611281
v -0.791154 0.406737 -0.456773
v -0.868833 0.406737 -0.282301
v -0.908541 0.406737 -0.095491
v -0.908541 0.406737 0.095492
v -0.868833 0.406737 0.282301
v -0.791154 0.406737 0.456773
v -0.678896 0.406737 0.611281
v -0.536968 0.406737 0.739074
v -0.371572 0.406737 0.834565
v -0.189937 0.406737 0.893582
v 0.000000 0.500000 0.866025
v 0.180057 0.500000 0.847101
v 0.352244 0.500000 0.791154
v 0.509037 0.500000 0.700629
v 0.643582 0.500000 0.579484
v 0.750000 0.500000 0.433013
v 0.823639 0.500000 0.267617
v 0.861281 0.500000 0.090524
v 0.861281 0.500000 -0.090524
v 0.823639 0.500000 -0.267617
v 0.750000 0.500000 -0.433013
v 0.643582 0.500000 -0.579484
v 0.509037 0.500000 -0.700629
v 0.352244 0.500000 -0.791154
v 0.180057 0.500000 -0.847101
v -0.000000 0.500000 -0.866025
v -0.180057 0.500000 -0.847101
v -0.352244 0.500000 -0.791154
v -0.509037 0.500000 -0.700629
v -0.643582 0.500000 -0.579484
v -0.750000 0.500000 -0.433013
v -0.823639 0.500000 -0.267617
v -0.861281 0.500000 -0.090524
v -0.861281 0.500000 0.090525
v -0.823639 0.500000 0.267617
v -0.750000 0.500000 0.433013
v -0.643582 0.500000 0.579484
v -0.509037 0.500000 0.700629
v -0.352244 0.500000 0.791154
v -0.180057 0.500000 0.847101
v 0.000000 0.587785 0.809017
v 0.168204 0.587785 0.791338
v 0.329057 0.587785 0.739074
v 0.475528 0.587785 0.654509
v 0.601217 0.587785 0.541338
v 0.700629 0.587785 0.404508
v 0.769421 0.587785 0.250000
v 0.804585 0.587785 0.084565
v 0.804585 0.587785 -0.084565
v 0.769421 0.587785 -0.250000
v 0.700629 0.587785 -0.404509
v 0.601217 0.587785 -0.541338
v 0.475528 0.587785 -0.654509
v 0.329057 0.587785 -0.739074
v 0.168204 0.587785 -0.791338
v -0.000000 0.587785 -0.809017
v -0.168204 0.587785 -0.791338
v -0.329057 0.587785 -0.739074
v -0.475528 0.587785 -0.654508
v -0.601217 0.587785 -0.541338
v -0.700629 0.587785 -0.404508
v -0.769421 0.587785 -0.250000
v -0.804585 0.587785 -0.084565
v -0.804585 0.587785 0.084566
v -0.769421 0.587785 0.250000
v -0.700629 0.587785 0.404508
v -0.601217 0.587785 0.541338
v -0.475528 0.587785 0.654509
v -0.329057 0.587785 0.739074
v -0.168204 0.587785 0.791338
v 0.000000 0.669131 0.743145
v 0.154509 0.669131 0.726905
v 0.302264 0.669131 0.678897
v 0.436810 0.669131 0.601217
v 0.552264 0.669131 0.497261
v 0.643582 0.669131 0.371572
v 0.706773 0.669131 0.229644
v 0.739074 0.669131 0.077680
v 0.739074 0.669131 -0.077680
v 0.706773 0.669131 -0.229644
v 0.643582 0.669131 -0.371572
v 0.552264 0.669131 -0.497261
v 0.436810 0.669131 -0.601217
v 0.302264 0.669131 -0.678897
v 0.154508 0.669131 -0.726905
v -0.000000 0.669131 -0.743145
v -0.154509 0.669131 -0.726905
v -0.302264 0.669131 -0.678897
v -0.436810 0.669131 -0.601217
v -0.552264 0.669131 -0.497261
v -0.643582 0.669131 -0.371572
v -0.706773 0.669131 -0.229644
v -0.739074 0.669131 -0.077680
v -0.739074 0.669131 0.077680
v -0.706773 0.669131 0.229644
v -0.643582 0.669131 0.371572
v -0.552264 0.669131 0.497261
v -0.436809 0.669131 0.601217
v -0.302264 0.669131 0.678897
v -0.154509 0.669131 0.726905
v 0.000000 0.743145 0.669130
v 0.139120 0.743145 0.654508
v 0.272160 0.743145 0.611281
v 0.393305 0.743145 0.541338
v 0.497261 0.743145 0.447736
v 0.579484 0.743145 0.334565
v 0.636381 0.743145 0.206773
v 0.665465 0.743145 0.069943
v 0.665465 0.743145 -0.069943
v 0.636381 0.743145 -0.206773
v 0.579484 0.743145 -0.334565
v 0.497261 0.743145 -0.447736
v 0.393305 0.743145 -0.541338
v 0.272160 0.743145 -0.611281
v 0.139120 0.743145 -0.654508
v -0.000000 0.743145 -0.669130
v -0.139120 0.743145 -0.654508
v -0.272160 0.743145 -0.611281
v -0.393305 0.743145 -0.541338
v -0.497261 0.743145 -0.447736
v -0.579484 0.743145 -0.334565
v -0.636381 0.743145 -0.206773
v -0.665465 0.743145 -0.069943
v -0.665465 0.743145 0.069943
v -0.636381 0.743145 0.206773
v -0.579484 0.743145 0.334565
v -0.497261 0.743145 0.447736
v -0.393305 0.743145 0.541338
v -0.272160 0.743145 0.611281
v -0.139120 0.743145 0.654508
v 0.000000 0.809017 0.587785
v 0.122207 0.809017 0.574941
v 0.239074 0.809017 0.536968
v 0.345491 0.809017 0.475528
v 0.436810 0.809017 0.393305
v 0.509037 0.809017 0.293893
v 0.559017 0.809017 0.181636
v 0.584565 0.809017 0.061440
v 0.584565 0.809017 -0.061440
v 0.559017 0.809017 -0.181636
v 0.509037 0.809017 -0.293893
v 0.436810 0.809017 -0.393305
v 0.345491 0.809017 -0.475528
v 0.239074 0.809017 -0.536969
v 0.122207 0.809017 -0.574941
v -0.000000 0.809017 -0.587785
v -0.122207 0.809017 -0.574941
v -0.239074 0.809017 -0.536968
v -0.345492 0.809017 -0.475528
v -0.436810 0.809017 -0.393305
v -0.509037 0.809017 -0.293893
v -0.559017 0.809017 -0.181636
v -0.584565 0.809017 -0.061440
v -0.584565 0.809017 0.061441
v -0.559017 0.809017 0.181636
v -0.509037 0.809017 0.293893
v -0.436809 0.809017 0.393305
v -0.345491 0.809017 0.475528
v -0.239074 0.809017 0.536969
v -0.122207 0.809017 0.574941
v 0.000000 0.866025 0.500000
v 0.103956 0.866025 0.489074
v 0.203368 0.866025 0.456773
v 0.293893 0.866025 0.404509
v 0.371572 0.866025 0.334565
v 0.433013 0.866025 0.250000
v 0.475528 0.866025 0.154509
v 0.497261 0.866025 0.052264
v 0.497261 0.866025 -0.052264
v 0.475528 0.866025 -0.154509
v 0.433013 0.866025 -0.250000
v 0.371572 0.866025 -0.334565
v 0.293893 0.866025 -0.404509
v 0.203368 0.866025 -0.456773
v 0.103956 0.866025 -0.489074
v -0.000000 0.866025 -0.500000
v -0.103956 0.866025 -0.489074
v -0.203368 0.866025 -0.456773
v -0.293893 0.866025 -0.404509
v -0.371572 0.866025 -0.334565
v -0.433013 0.866025 -0.250000
v -0.475528 0.866025 -0.154509
v -0.497261 0.866025 -0.052264
v -0.497261 0.866025 0.052264
v -0.475528 0.866025 0.154509
v -0.433013 0.866025 0.250000
v -0.371572 0.866025 0.334565
v -0.293893 0.866025 0.404509
v -0.203368 0.866025 0.456773
v -0.103956 0.866025 0.489074
v 0.000000 0.913545 0.406737
v 0.084565 0.913545 0.397848
v 0.165435 0.913545 0.371572
v 0.239074 0.913545 0.329057
v 0.302264 0.913545 0.272160
v 0.352244 0.913545 0.203368
v 0.386829 0.913545 0.125689
v 0.404508 0.913545 0.042516
v 0.404508 0.913545 -0.042516
v 0.386829 0.913545 -0.125689
v 0.352244 0.913545 -0.203368
v 0.302264 0.913545 -0.272160
v 0.239074 0.913545 -0.329057
v 0.165435 0.913545 -0.371572
v 0.084565 0.913545 -0.397848
v -0.000000 0.913545 -0.406737
v -0.084565 0.913545 -0.397848
v -0.165435 0.913545 -0.371572
v -0.239074 0.913545 -0.329057
v -0.302264 0.913545 -0.272160
v -0.352244 0.913545 -0.203368
v -0.386829 0.913545 -0.125689
v -0.404508 0.913545 -0.042515
v -0.404508 0.913545 0.042516
v -0.386829 0.913545 0.125689
v -0.352244 0.913545 0.203368
v -0.302264 0.913545 0.272160
v -0.239074 0.913545 0.329057
v -0.165435 0.913545 0.371572
v -0.084565 0.913545 0.397848
v 0.000000 0.951057 0.309017
v 0.064248 0.951057 0.302264
v 0.125688 0.951057 0.282301
v 0.181636 0.951057 0.250000
v 0.229644 0.951057 0.206773
v 0.267616 0.951057 0.154508
v 0.293892 0.951057 0.095491
v 0.307324 0.951057 0.032301
v 0.307324 0.951057 -0.032301
v 0.293892 0.951057 -0.095491
v 0.267616 0.951057 -0.154508
v 0.229644 0.951057 -0.206773
v 0.181635 0.951057 -0.250000
v 0.125688 0.951057 -0.282301
v 0.064248 0.951057 -0.302264
v -0.000000 0.951057 -0.309017
v -0.064248 0.951057 -0.302264
v -0.125688 0.951057 -0.282301
v -0.181636 0.951057 -0.250000
v -0.229644 0.951057 -0.206773
v -0.267616 0.951057 -0.154508
v -0.293892 0.951057 -0.095491
v -0.307324 0.951057 -0.032301
v -0.307324 0.951057 0.032301
v -0.293892 0.951057 0.095491
v -0.267616 0.951057 0.154508
v -0.229644 0.951057 0.206773
v -0.181635 0.951057 0.250000
v -0.125688 0.951057 0.282301
v -0.064248 0.951057 0.302264
v 0.000000 0.978148 0.207912
v 0.043227 0.978148 0.203368
v 0.084565 0.978148 0.189937
v 0.122207 0.978148 0.168204
v 0.154508 0.978148 0.139120
v 0.180057 0.978148 0.103956
v 0.197736 0.978148 0.064248
v 0.206773 0.978148 0.021733
v 0.206773 0.978148 -0.021733
v 0.197736 0.978148 -0.064248
v 0.180057 0.978148 -0.103956
v 0.154508 0.978148 -0.139120
v 0.122207 0.978148 -0.168204
v 0.084565 0.978148 -0.189937
v 0.043227 0.978148 -0.203368
v -0.000000 0.978148 -0.207912
v -0.043227 0.978148 -0.203368
v -0.084565 0.978148 -0.189937
v -0.122207 0.978148 -0.168204
v -0.154508 0.978148 -0.139120
v -0.180057 0.978148 -0.103956
v -0.197736 0.978148 -0.064248
v -0.206773 0.978148 -0.021733
v -0.206773 0.978148 0.021733
v -0.197736 0.978148 0.064248
v -0.180057 0.978148 0.103956
v -0.154508 0.978148 0.139120
v -0.122207 0.978148 0.168204
v -0.084565 0.978148 0.189937
v -0.043227 0.978148 0.203368
v 0.000000 0.994522 0.104528
v 0.021733 0.994522 0.102244
v 0.042516 0.994522 0.095492
v 0.061440 0.994522 0.084565
v 0.077680 0.994522 0.069943
v 0.090524 0.994522 0.052264
v 0.099413 0.994522 0.032301
v 0.103956 0.994522 0.010926
v 0.103956 0.994522 -0.010926
v 0.099413 0.994522 -0.032301
v 0.090524 0.994522 -0.052264
v 0.077680 0.994522 -0.069943
v 0.061440 0.994522 -0.084565
v 0.042516 0.994522 -0.095492
v 0.021733 0.994522 -0.102244
v -0.000000 0.994522 -0.104528
v -0.021733 0.994522 -0.102244
v -0.042516 0.994522 -0.095492
v -0.061440 0.994522 -0.084565
v -0.077680 0.994522 -0.069943
v -0.090524 0.994522 -0.052264
v -0.099413 0.994522 -0.032301
v -0.103956 0.994522 -0.010926
v -0.103956 0.994522 0.010926
v -0.099413 0.994522 0.032301
v -0.090524 0.994522 0.052264
v -0.077680 0.994522 0.069943
v -0.061440 0.994522 0.084565
v -0.042516 0.994522 0.095492
v -0.021733 0.994522 0.102244
v 0.000000 1.000000 0.000000

# vertex texture coordinates - offset=0
vt 0.000000 0.000000
vt 0.033333 0.033333
vt 0.000000 0.033333
vt 0.033333 0.000000
vt 0.066667 0.033333
vt 0.033333 0.033333
vt 0.066667 0.000000
vt 0.100000 0.033333
vt 0.066667 0.033333
vt 0.100000 0.000000
vt 0.133333 0.033333
vt 0.100000 0.033333
vt 0.133333 0.000000
vt 0.166667 0.033333
vt 0.133333 0.033333
vt 0.166667 0.000000
vt 0.200000 0.033333
vt 0.166667 0.033333
vt 0.200000 0.000000
vt 0.233333 0.033333
vt 0.200000 0.033333
vt 0.233333 0.000000
vt 0.266667 0.033333
vt 0.233333 0.033333
vt 0.266667 0.000000
vt 0.300000 0.033333
vt 0.266667 0.033333
vt 0.300000 0.000000
vt 0.333333 0.033333
vt 0.300000 0.033333
vt 0.333333 0.000000
vt 0.366667 0.033333
vt 0.333333 0.033333
vt 0.366667 0.000000
vt 0.400000 0.033333
vt 0.366667 0.033333
vt 0.400000 0.000000
vt 0.433333 0.033333
vt 0.400000 0.033333
vt 0.433333 0.000000
vt 0.466667 0.033333
vt 0.433333 0.033333
vt 0.466667 0.000000
vt 0.500000 0.033333
vt 0.466667 0.033333
vt 0.500000 0.000000
vt 0.533333 0.033333
vt 0.500000 0.033333
vt 0.533333 0.000000
vt 0.566667 0.033333
vt 0.533333 0.033333
vt 0.566667 0.000000
vt 0.600000 0.033333
vt 0.566667 0.033333
vt 0.600000 0.000000
vt 0.633333 0.033333
vt 0.600000 0.033333
vt 0.633333 0.000000
vt 0.666667 0.033333
vt 0.633333 0.033333
vt 0.666667 0.000000
vt 0.700000 0.033333
vt 0.666667 0.033333
vt 0.700000 0.000000
vt 0.733334 0.033333
vt 0.700000 0.033333
vt 0.733334 0.000000
vt 0.766667 0.033333
vt 0.733334 0.033333
vt 0.766667 0.000000
vt 0.800000 0.033333
vt 0.766667 0.033333
vt 0.800000 0.000000
vt 0.833334 0.033333
vt 0.800000 0.033333
vt 0.833334 0.000000
vt 0.866667 0.033333
vt 0.833334 0.033333
vt 0.866667 0.000000
vt 0.900000 0.033333
vt 0.866667 0.033333
vt 0.900000 0.000000
vt 0.933334 0.033333
vt 0.900000 0.033333
vt 0.933334 0.000000
vt 0.966667 0.033333
vt 0.933334 0.033333
vt 0.966667 0.000000
vt 1.000000 0.033333
vt 0.966667 0.033333
vt 0.000000 0.033333
vt 0.033333 0.033333
vt 0.000000 0.066667
vt 0.000000 0.066667
vt 0.033333 0.033333
vt 0.033333 0.066667
vt 0.033333 0.033333
vt 0.066667 0.033333
vt 0.033333 0.066667
vt 0.033333 0.066667
vt 0.066667 0.033333
vt 0.066667 0.066667
vt 0.066667 0.033333
vt 0.100000 0.033333
vt 0.066667 0.066667
vt 0.066667 0.066667
vt 0.100000 0.033333
vt 0.100000 0.066667
vt 0.100000 0.033333
vt 0.133333 0.033333
vt 0.100000 0.066667
vt 0.100000 0.066667
vt 0.133333 0.033333
vt 0.133333 0.066667
vt 0.133333 0.033333
vt 0.166667 0.033333
vt 0.133333 0.066667
vt 0.133333 0.066667
vt 0.166667 0.033333
vt 0.166667 0.066667
vt 0.166667 0.033333
vt 0.200000 0.033333
vt 0.166667 0.066667
vt 0.166667 0.066667
vt 0.200000 0.033333
vt 0.200000 0.066667
vt 0.200000 0.033333
vt 0.233333 0.033333
vt 0.200000 0.066667
vt 0.200000 0.066667
vt 0.233333 0.033333
vt 0.233333 0.066667
vt 0.233333 0.033333
vt 0.266667 0.033333
vt 0.233333 0.066667
vt 0.233333 0.066667
vt 0.266667 0.033333
vt 0.266667 0.066667
vt 0.266667 0.033333
vt 0.300000 0.033333
vt 0.266667 0.066667
vt 0.266667 0.066667
vt 0.300000 0.033333
vt 0.300000 0.066667
vt 0.300000 0.033333
vt 0.333333 0.033333
vt 0.300000 0.066667
vt 0.300000 0.066667
vt 0.333333 0.033333
vt 0.333333 0.066667
vt 0.333333 0.033333
vt 0.366667 0.033333
vt 0.333333 0.066667
vt 0.333333 0.066667
vt 0.366667 0.033333
vt 0.366667 0.066667
vt 0.366667 0.033333
vt 0.400000 0.033333
vt 0.366667 0.066667
vt 0.366667 0.066667
vt 0.400000 0.033333
vt 0.400000 0.066667
vt 0.400000 0.033333
vt 0.433333 0.033333
vt 0.400000 0.066667
vt 0.400000 0.066667
vt 0.433333 0.033333
vt 0.433333 0.066667
vt 0.433333 0.033333
vt 0.466667 0.033333
vt 0.433333 0.066667
vt 0.433333 0.066667
vt 0.466667 0.033333
vt 0.466667 0.066667
vt 0.466667 0.033333
vt 0.500000 0.033333
vt 0.466667 0.066667
vt 0.466667 0.066667
vt 0.500000 0.033333
vt 0.500000 0.066667
vt 0.500000 0.033333
vt 0.533333 0.033333
vt 0.500000 0.066667
vt 0.500000 0.066667
vt 0.533333 0.033333
vt 0.533333 0.066667
vt 0.533333 0.033333
vt 0.566667 0.033333
vt 0.533333 0.066667
vt 0.533333 0.066667
vt 0.566667 0.033333
vt 0.566667 0.066667
vt 0.566667 0.033333
vt 0.600000 0.033333
vt 0.566667 0.066667
vt 0.566667 0.066667
vt 0.600000 0.033333
vt 0.600000 0.066667
vt 0.600000 0.033333
vt 0.633333 0.033333
vt 0.600000 0.066667
vt 0.600000 0.066667
vt 0.633333 0.033333
vt 0.633333 0.066667
vt 0.633333 0.033333
vt 0.666667 0.033333
vt 0.633333 0.066667
vt 0.633333 0.066667
vt 0.666667 0.033333
vt 0.666667 0.066667
vt 0.666667 0.033333
vt 0.700000 0.033333
vt 0.666667 0.066667
vt 0.666667 0.066667
vt 0.700000 0.033333
vt 0.700000 0.066667
vt 0.700000 0.033333
vt 0.733334 0.033333
vt 0.700000 0.066667
vt 0.700000 0.066667
vt 0.733334 0.033333
vt 0.733334 0.066667
vt 0.733334 0.033333
vt 0.766667 0.033333
vt 0.733334 0.066667
vt 0.733334 0.066667
vt 0.766667 0.033333
vt 0.766667 0.066667
vt 0.766667 0.033333
vt 0.800000 0.033333
vt 0.766667 0.066667
vt 0.766667 0.066667
vt 0.800000 0.033333
vt 0.800000 0.066667
vt 0.800000 0.033333
vt 0.833334 0.033333
vt 0.800000 0.066667
vt 0.800000 0.066667
vt 0.833334 0.033333
vt 0.833334 0.066667
vt 0.833334 0.033333
vt 0.866667 0.033333
vt 0.833334 0.066667
vt 0.833334 0.066667
vt 0.866667 0.033333
vt 0.866667 0.066667
vt 0.866667 0.033333
vt 0.900000 0.033333
vt 0.866667 0.066667
vt 0.866667 0.066667
vt 0.900000 0.033333
vt 0.900000 0.066667
vt 0.900000 0.033333
vt 0.933334 0.033333
vt 0.900000 0.066667
vt 0.900000 0.066667
vt 0.933334 0.033333
vt 0.933334 0.066667
vt 0.933334 0.033333
vt 0.966667 0.033333
vt 0.933334 0.066667
vt 0.933334 0.066667
vt 0.966667 0.033333
vt 0.966667 0.066667
vt 0.966667 0.033333
vt 1.000000 0.033333
vt 0.966667 0.066667
vt 0.966667 0.066667
vt 1.000000 0.033333
vt 1.000000 0.066667
vt 0.000000 0.066667
vt 0.033333 0.066667
vt 0.000000 0.100000
vt 0.000000 0.100000
vt 0.033333 0.066667
vt 0.033333 0.100000
vt 0.033333 0.066667
vt 0.066667 0.066667
vt 0.033333 0.100000
vt 0.033333 0.100000
vt 0.066667 0.066667
vt 0.066667 0.100000
vt 0.066667 0.066667
vt 0.100000 0.066667
vt 0.066667 0.100000
vt 0.066667 0.100000
vt 0.100000 0.066667
vt 0.100000 0.100000
vt 0.100000 0.066667
vt 0.133333 0.066667
vt 0.100000 0.100000
vt 0.100000 0.100000
vt 0.133333 0.066667
vt 0.133333 0.100000
vt 0.133333 0.066667
vt 0.166667 0.066667
vt 0.133333 0.100000
vt 0.133333 0.100000
vt 0.166667 0.066667
vt 0.166667 0.100000
vt 0.166667 0.066667
vt 0.200000 0.066667
vt 0.166667 0.100000
vt 0.166667 0.100000
vt 0.200000 0.066667
vt 0.200000 0.100000
vt 0.200000 0.066667
vt 0.233333 0.066667
vt 0.200000 0.100000
vt 0.200000 0.100000
vt 0.233333 0.066667
vt 0.233333 0.100000
vt 0.233333 0.066667
vt 0.266667 0.066667
vt 0.233333 0.100000
vt 0.233333 0.100000
vt 0.266667 0.066667
vt 0.266667 0.100000
vt 0.266667 0.066667
vt 0.300000 0.066667
vt 0.266667 0.100000
vt 0.266667 0.100000
vt 0.300000 0.066667
vt 0.300000 0.100000
vt 0.300000 0.066667
vt 0.333333 0.066667
vt 0.300000 0.100000
vt 0.300000 0.100000
vt 0.333333 0.066667
vt 0.333333 0.100000
vt 0.333333 0.066667
vt 0.366667 0.066667
vt 0.333333 0.100000
vt 0.333333 0.100000
vt 0.366667 0.066667
vt 0.366667 0.100000
vt 0.366667 0.066667
vt 0.400000 0.066667
vt 0.366667 0.100000
vt 0.366667 0.100000
vt 0.400000 0.066667
vt 0.400000 0.100000
vt 0.400000 0.066667
vt 0.433333 0.066667
vt 0.400000 0.100000
vt 0.400000 0.100000
vt 0.433333 0.066667
vt 0.433333 0.100000
vt 0.433333 0.066667
vt 0.466667 0.066667
vt 0.433333 0.100000
vt 0.433333 0.100000
vt 0.466667 0.066667
vt 0.466667 0.100000
vt 0.466667 0.066667
vt 0.500000 0.066667
vt 0.466667 0.100000
vt 0.466667 0.100000
vt 0.500000 0.066667
vt 0.500000 0.100000
vt 0.500000 0.066667
vt 0.533333 0.066667
vt 0.500000 0.100000
vt 0.500000 0.100000
vt 0.533333 0.066667
vt 0.533333 0.100000
vt 0.533333 0.066667
vt 0.566667 0.066667
vt 0.533333 0.100000
vt 0.533333 0.100000
vt 0.566667 0.066667
vt 0.566667 0.100000
vt 0.566667 0.066667
vt 0.600000 0.066667
vt 0.566667 0.100000
vt 0.566667 0.100000
vt 0.600000 0.066667
vt 0.600000 0.100000
vt 0.600000 0.066667
vt 0.633333 0.066667
vt 0.600000 0.100000
vt 0.600000 0.100000
vt 0.633333 0.066667
vt 0.633333 0.100000
vt 0.633333 0.066667
vt 0.666667 0.066667
vt 0.633333 0.100000
vt 0.633333 0.100000
vt 0.666667 0.066667
vt 0.666667 0.100000
vt 0.666667 0.066667
vt 0.700000 0.066667
vt 0.666667 0.100000
vt 0.666667 0.100000
vt 0.700000 0.066667
vt 0.700000 0.100000
vt 0.700000 0.066667
vt 0.733334 0.066667
vt 0.700000 0.100000
vt 0.700000 0.100000
vt 0.733334 0.066667
vt 0.733334 0.100000
vt 0.733334 0.066667
vt 0.766667 0.066667
vt 0.733334 0.100000
vt 0.733334 0.100000
vt 0.766667 0.066667
vt 0.766667 0.100000
vt 0.766667 0.066667
vt 0.800000 0.066667
vt 0.766667 0.100000
vt 0.766667 0.100000
vt 0.800000 0.066667
vt 0.800000 0.100000
vt 0.800000 0.066667
vt 0.833334 0.066667
vt 0.800000 0.100000
vt 0.800000 0.100000
vt 0.833334 0.066667
vt 0.833334 0.100000
vt 0.833334 0.066667
vt 0.866667 0.066667
vt 0.833334 0.100000
vt 0.833334 0.100000
vt 0.866667 0.066667
vt 0.866667 0.100000
vt 0.866667 0.066667
vt 0.900000 0.066667
vt 0.866667 0.100000
vt 0.866667 0.100000
vt 0.900000 0.066667
vt 0.900000 0.100000
vt 0.900000 0.066667
vt 0.933334 0.066667
vt 0.900000 0.100000
vt 0.900000 0.100000
vt 0.933334 0.066667
vt 0.933334 0.100000
vt 0.933334 0.066667
vt 0.966667 0.066667
vt 0.933334 0.100000
vt 0.933334 0.100000
vt 0.966667 0.066667
vt 0.966667 0.100000
vt 0.966667 0.066667
vt 1.000000 0.066667
vt 0.966667 0.100000
vt 0.966667 0.100000
vt 1.000000 0.066667
vt 1.000000 0.100000
vt 0.000000 0.100000
vt 0.033333 0.100000
vt 0.000000 0.133333
vt 0.000000 0.133333
vt 0.033333 0.100000
vt 0.033333 0.133333
vt 0.033333 0.100000
vt 0.066667 0.100000
vt 0.033333 0.133333
vt 0.033333 0.133333
vt 0.066667 0.100000
vt 0.066667 0.133333
vt 0.066667 0.100000
vt 0.100000 0.100000
vt 0.066667 0.133333
vt 0.066667 0.133333
vt 0.100000 0.100000
vt 0.100000 0.133333
vt 0.100000 0.100000
vt 0.133333 0.100000
vt 0.100000 0.133333
vt 0.100000 0.133333
vt 0.133333 0.100000
vt 0.133333 0.133333
vt 0.133333 0.100000
vt 0.166667 0.100000
vt 0.133333 0.133333
vt 0.133333 0.133333
vt 0.166667 0.100000
vt 0.166667 0.133333
vt 0.166667 0.100000
vt 0.200000 0.100000
vt 0.166667 0.133333
vt 0.166667 0.133333
vt 0.200000 0.100000
vt 0.200000 0.133333
vt 0.200000 0.100000
vt 0.233333 0.100000
vt 0.200000 0.133333
vt 0.200000 0.133333
vt 0.233333 0.100000
vt 0.233333 0.133333
vt 0.233333 0.100000
vt 0.266667 0.100000
vt 0.233333 0.133333
vt 0.233333 0.133333
vt 0.266667 0.100000
vt 0.266667 0.133333
vt 0.266667 0.100000
vt 0.300000 0.100000
vt 0.266667 0.133333
vt 0.266667 0.133333
vt 0.300000 0.100000
vt 0.300000 0.133333
vt 0.300000 0.100000
vt 0.333333 0.100000
vt 0.300000 0.133333
vt 0.300000 0.133333
vt 0.333333 0.100000
vt 0.333333 0.133333
vt 0.333333 0.100000
vt 0.366667 0.100000
vt 0.333333 0.133333
vt 0.333333 0.133333
vt 0.366667 0.100000
vt 0.366667 0.133333
vt 0.366667 0.100000
vt 0.400000 0.100000
vt 0.366667 0.133333
vt 0.366667 0.133333
vt 0.400000 0.100000
vt 0.400000 0.133333
vt 0.400000 0.100000
vt 0.433333 0.100000
vt 0.400000 0.133333
vt 0.400000 0.133333
vt 0.433333 0.100000
vt 0.433333 0.133333
vt 0.433333 0.100000
vt 0.466667 0.100000
vt 0.433333 0.133333
vt 0.433333 0.133333
vt 0.466667 0.100000
vt 0.466667 0.133333
vt 0.466667 0.100000
vt 0.500000 0.100000
vt 0.466667 0.133333
vt 0.466667 0.133333
vt 0.500000 0.100000
vt 0.500000 0.133333
vt 0.500000 0.100000
vt 0.533333 0.100000
vt 0.500000 0.133333
vt 0.500000 0.133333
vt 0.533333 0.100000
vt 0.533333 0.133333
vt 0.533333 0.100000
vt 0.566667 0.100000
vt 0.533333 0.133333
vt 0.533333 0.133333
vt 0.566667 0.100000
vt 0.566667 0.133333
vt 0.566667 0.100000
vt 0.600000 0.100000
vt 0.566667 0.133333
vt 0.566667 0.133333
vt 0.600000 0.100000
vt 0.600000 0.133333
vt 0.600000 0.100000
vt 0.633333 0.100000
vt 0.600000 0.133333
vt 0.600000 0.133333
vt 0.633333 0.100000
vt 0.633333 0.133333
vt 0.633333 0.100000
vt 0.666667 0.100000
vt 0.633333 0.133333
vt 0.633333 0.133333
vt 0.666667 0.100000
vt 0.666667 0.133333
vt 0.666667 0.100000
vt 0.700000 0.100000
vt 0.666667 0.133333
vt 0.666667 0.133333
vt 0.700000 0.100000
vt 0.700000 0.133333
vt 0.700000 0.100000
vt 0.733334 0.100000
vt 0.700000 0.133333
vt 0.700000 0.133333
vt 0.733334 0.100000
vt 0.733334 0.133333
vt 0.733334 0.100000
vt 0.766667 0.100000
vt 0.733334 0.133333
vt 0.733334 0.133333
vt 0.766667 0.100000
vt 0.766667 0.133333
vt 0.766667 0.100000
vt 0.800000 0.100000
vt 0.766667 0.133333
vt 0.766667 0.133333
vt 0.800000 0.100000
vt 0.800000 0.133333
vt 0.800000 0.100000
vt 0.833334 0.100000
vt 0.800000 0.133333
vt 0.800000 0.133333
vt 0.833334 0.100000
vt 0.833334 0.133333
vt 0.833334 0.100000
vt 0.866667 0.100000
vt 0.833334 0.133333
vt 0.833334 0.133333
vt 0.866667 0.100000
vt 0.866667 0.133333
vt 0.866667 0.100000
vt 0.900000 0.100000
vt 0.866667 0.133333
vt 0.866667 0.133333
vt 0.900000 0.100000
vt 0.900000 0.133333
vt 0.900000 0.100000
vt 0.933334 0.100000
vt 0.900000 0.133333
vt 0.900000 0.133333
vt 0.933334 0.100000
vt 0.933334 0.133333
vt 0.933334 0.100000
vt 0.966667 0.100000
vt 0.933334 0.133333
vt 0.933334 0.133333
vt 0.966667 0.100000
vt 0.966667 0.133333
vt 0.966667 0.100000
vt 1.000000 0.100000
vt 0.966667 0.133333
vt 0.966667 0.133333
vt 1.000000 0.100000
vt 1.000000 0.133333
vt 0.000000 0.133333
vt 0.033333 0.133333
vt 0.000000 0.166667
vt 0.000000 0.166667
vt 0.033333 0.133333
vt 0.033333 0.166667
vt 0.033333 0.133333
vt 0.066667 0.133333
vt 0.033333 0.166667
vt 0.033333 0.166667
vt 0.066667 0.133333
vt 0.066667 0.166667
vt 0.066667 0.133333
vt 0.100000 0.133333
vt 0.066667 0.166667
vt 0.066667 0.166667
vt 0.100000 0.133333
vt 0.100000 0.166667
vt 0.100000 0.133333
vt 0.133333 0.133333
vt 0.100000 0.166667
vt 0.100000 0.166667
vt 0.133333 0.133333
vt 0.133333 0.166667
vt 0.133333 0.133333
vt 0.166667 0.133333
vt 0.133333 0.166667
vt 0.133333 0.166667
vt 0.166667 0.133333
vt 0.166667 0.166667
vt 0.166667 0.133333
vt 0.200000 0.133333
vt 0.166667 0.166667
vt 0.166667 0.166667
vt 0.200000 0.133333
vt 0.200000 0.166667
vt 0.200000 0.133333
vt 0.233333 0.133333
vt 0.200000 0.166667
vt 0.200000 0.166667
vt 0.233333 0.133333
vt 0.233333 0.166667
vt 0.233333 0.133333
vt 0.266667 0.133333
vt 0.233333 0.166667
vt 0.233333 0.166667
vt 0.266667 0.133333
vt 0.266667 0.166667
vt 0.266667 0.133333
vt 0.300000 0.133333
vt 0.266667 0.166667
vt 0.266667 0.166667
vt 0.300000 0.133333
vt 0.300000 0.166667
vt 0.300000 0.133333
vt 0.333333 0.133333
vt 0.300000 0.166667
vt 0.300000 0.166667
vt 0.333333 0.133333
vt 0.333333 0.166667
vt 0.333333 0.133333
vt 0.366667 0.133333
vt 0.333333 0.166667
vt 0.333333 0.166667
vt 0.366667 0.133333
vt 0.366667 0.166667
vt 0.366667 0.133333
vt 0.400000 0.133333
vt 0.366667 0.166667
vt 0.366667 0.166667
vt 0.400000 0.133333
vt 0.400000 0.166667
vt 0.400000 0.133333
vt 0.433333 0.133333
vt 0.400000 0.166667
vt 0.400000 0.166667
vt 0.433333 0.133333
vt 0.433333 0.166667
vt 0.433333 0.133333
vt 0.466667 0.133333
vt 0.433333 0.166667
vt 0.433333 0.166667
vt 0.466667 0.133333
vt 0.466667 0.166667
vt 0.466667 0.133333
vt 0.500000 0.133333
vt 0.466667 0.166667
vt 0.466667 0.166667
vt 0.500000 0.133333
vt 0.500000 0.166667
vt 0.500000 0.133333
vt 0.533333 0.133333
vt 0.500000 0.166667
vt 0.500000 0.166667
vt 0.533333 0.133333
vt 0.533333 0.166667
vt 0.533333 0.133333
vt 0.566667 0.133333
vt 0.533333 0.166667
vt 0.533333 0.166667
vt 0.566667 0.133333
vt 0.566667 0.166667
vt 0.566667 0.133333
vt 0.600000 0.133333
vt 0.566667 0.166667
vt 0.566667 0.166667
vt 0.600000 0.133333
vt 0.600000 0.166667
vt 0.600000 0.133333
vt 0.633333 0.133333
vt 0.600000 0.166667
vt 0.600000 0.166667
vt 0.633333 0.133333
vt 0.633333 0.166667
vt 0.633333 0.133333
vt 0.666667 0.133333
vt 0.633333 0.166667
vt 0.633333 0.166667
vt 0.666667 0.133333
vt 0.666667 0.166667
vt 0.666667 0.133333
vt 0.700000 0.133333
vt 0.666667 0.166667
vt 0.666667 0.166667
vt 0.700000 0.133333
vt 0.700000 0.166667
vt 0.700000 0.133333
vt 0.733334 0.133333
vt 0.700000 0.166667
vt 0.700000 0.166667
vt 0.733334 0.133333
vt 0.733334 0.166667
vt 0.733334 0.133333
vt 0.766667 0.133333
vt 0.733334 0.166667
vt 0.733334 0.166667
vt 0.766667 0.133333
vt 0.766667 0.166667
vt 0.766667 0.133333
vt 0.800000 0.133333
vt 0.766667 0.166667
vt 0.766667 0.166667
vt 0.800000 0.133333
vt 0.800000 0.166667
vt 0.800000 0.133333
vt 0.833334 0.133333
vt 0.800000 0.166667
vt 0.800000 0.166667
vt 0.833334 0.133333
vt 0.833334 0.166667
vt 0.833334 0.133333
vt 0.866667 0.133333
vt 0.833334 0.166667
vt 0.833334 0.166667
vt 0.866667 0.133333
vt 0.866667 0.166667
vt 0.866667 0.133333
vt 0.900000 0.133333
vt 0.866667 0.166667
vt 0.866667 0.166667
vt 0.900000 0.133333
vt 0.900000 0.166667
vt 0.900000 0.133333
vt 0.933334 0.133333
vt 0.900000 0.166667
vt 0.900000 0.166667
vt 0.933334 0.133333
vt 0.933334 0.166667
vt 0.933334 0.133333
vt 0.966667 0.133333
vt 0.933334 0.166667
vt 0.933334 0.166667
vt 0.966667 0.133333
vt 0.966667 0.166667
vt 0.966667 0.133333
vt 1.000000 0.133333
vt 0.966667 0.166667
vt 0.966667 0.166667
vt 1.000000 0.133333
vt 1.000000 0.166667
vt 0.000000 0.166667
vt 0.033333 0.166667
vt 0.000000 0.200000
vt 0.000000 0.200000
vt 0.033333 0.166667
vt 0.033333 0.200000
vt 0.033333 0.166667
vt 0.066667 0.166667
vt 0.033333 0.200000
vt 0.033333 0.200000
vt 0.066667 0.166667
vt 0.066667 0.200000
vt 0.066667 0.166667
vt 0.100000 0.166667
vt 0.066667 0.200000
vt 0.066667 0.200000
vt 0.100000 0.166667
vt 0.100000 0.200000
vt 0.100000 0.166667
vt 0.133333 0.166667
vt 0.100000 0.200000
vt 0.100000 0.200000
vt 0.133333 0.166667
vt 0.133333 0.200000
vt 0.133333 0.166667
vt 0.166667 0.166667
vt 0.133333 0.200000
vt 0.133333 0.200000
vt 0.166667 0.166667
vt 0.166667 0.200000
vt 0.166667 0.166667
vt 0.200000 0.166667
vt 0.166667 0.200000
vt 0.166667 0.200000
vt 0.200000 0.166667
vt 0.200000 0.200000
vt 0.200000 0.166667
vt 0.233333 0.166667
vt 0.200000 0.200000
vt 0.200000 0.200000
vt 0.233333 0.166667
vt 0.233333 0.200000
vt 0.233333 0.166667
vt 0.266667 0.166667
vt 0.233333 0.200000
vt 0.233333 0.200000
vt 0.266667 0.166667
vt 0.266667 0.200000
vt 0.266667 0.166667
vt 0.300000 0.166667
vt 0.266667 0.200000
vt 0.266667 0.200000
vt 0.300000 0.166667
vt 0.300000 0.200000
vt 0.300000 0.166667
vt 0.333333 0.166667
vt 0.300000 0.200000
vt 0.300000 0.200000
vt 0.333333 0.166667
vt 0.333333 0.200000
vt 0.333333 0.166667
vt 0.366667 0.166667
vt 0.333333 0.200000
vt 0.333333 0.200000
vt 0.366667 0.166667
vt 0.366667 0.200000
vt 0.366667 0.166667
vt 0.400000 0.166667
vt 0.366667 0.200000
vt 0.366667 0.200000
vt 0.400000 0.166667
vt 0.400000 0.200000
vt 0.400000 0.166667
vt 0.433333 0.166667
vt 0.400000 0.200000
vt 0.400000 0.200000
vt 0.433333 0.166667
vt 0.433333 0.200000
vt 0.433333 0.166667
vt 0.466667 0.166667
vt 0.433333 0.200000
vt 0.433333 0.200000
vt 0.466667 0.166667
vt 0.466667 0.200000
vt 0.466667 0.166667
vt 0.500000 0.166667
vt 0.466667 0.200000
vt 0.466667 0.200000
vt 0.500000 0.166667
vt 0.500000 0.200000
vt 0.500000 0.166667
vt 0.533333 0.166667
vt 0.500000 0.200000
vt 0.500000 0.200000
vt 0.533333 0.166667
vt 0.533333 0.200000
vt 0.533333 0.166667
vt 0.566667 0.166667
vt 0.533333 0.200000
vt 0.533333 0.200000
vt 0.566667 0.166667
vt 0.566667 0.200000
vt 0.566667 0.166667
vt 0.600000 0.166667
vt 0.566667 0.200000
vt 0.566667 0.200000
vt 0.600000 0.166667
vt 0.600000 0.200000
vt 0.600000 0.166667
vt 0.633333 0.166667
vt 0.600000 0.200000
vt 0.600000 0.200000
vt 0.633333 0.166667
vt 0.633333 0.200000
vt 0.633333 0.166667
vt 0.666667 0.166667
vt 0.633333 0.200000
vt 0.633333 0.200000
vt 0.666667 0.166667
vt 0.666667 0.200000
vt 0.666667 0.166667
vt 0.700000 0.166667
vt 0.666667 0.200000
vt 0.666667 0.200000
vt 0.700000 0.166667
vt 0.700000 0.200000
vt 0.700000 0.166667
vt 0.733334 0.166667
vt 0.700000 0.200000
vt 0.700000 0.200000
vt 0.733334 0.166667
vt 0.733334 0.200000
vt 0.733334 0.166667
vt 0.766667 0.166667
vt 0.733334 0.200000
vt 0.733334 0.200000
vt 0.766667 0.166667
vt 0.766667 0.200000
vt 0.766667 0.166667
vt 0.800000 0.166667
vt 0.766667 0.200000
vt 0.766667 0.200000
vt 0.800000 0.166667
vt 0.800000 0.200000
vt 0.800000 0.166667
vt 0.833334 0.166667
vt 0.800000 0.200000
vt 0.800000 0.200000
vt 0.833334 0.166667
vt 0.833334 0.200000
vt 0.833334 0.166667
vt 0.866667 0.166667
vt 0.833334 0.200000
vt 0.833334 0.200000
vt 0.866667 0.166667
vt 0.866667 0.200000
vt 0.866667 0.166667
vt 0.900000 0.166667
vt 0.866667 0.200000
vt 0.866667 0.200000
vt 0.900000 0.166667
vt 0.900000 0.200000
vt 0.900000 0.166667
vt 0.933334 0.166667
vt 0.900000 0.200000
vt 0.900000 0.200000
vt 0.933334 0.166667
vt 0.933334 0.200000
vt 0.933334 0.166667
vt 0.966667 0.166667
vt 0.933334 0.200000
vt 0.933334 0.200000
vt 0.966667 0.166667
vt 0.966667 0.200000
vt 0.966667 0.166667
vt 1.000000 0.166667
vt 0.966667 0.200000
vt 0.966667 0.200000
vt 1.000000 0.166667
vt 1.000000 0.200000
vt 0.000000 0.200000
vt 0.033333 0.200000
vt 0.000000 0.233333
vt 0.000000 0.233333
vt 0.033333 0.200000
vt 0.033333 0.233333
vt 0.033333 0.200000
vt 0.066667 0.200000
vt 0.033333 0.233333
vt 0.033333 0.233333
vt 0.066667 0.200000
vt 0.066667 0.233333
vt 0.066667 0.200000
vt 0.100000 0.200000
vt 0.066667 0.233333
vt 0.066667 0.233333
vt 0.100000 0.200000
vt 0.100000 0.233333
vt 0.100000 0.200000
vt 0.133333 0.200000
vt 0.100000 0.233333
vt 0.100000 0.233333
vt 0.133333 0.200000
vt 0.133333 0.233333
vt 0.133333 0.200000
vt 0.166667 0.200000
vt 0.133333 0.233333
vt 0.133333 0.233333
vt 0.166667 0.200000
vt 0.166667 0.233333
vt 0.166667 0.200000
vt 0.200000 0.200000
vt 0.166667 0.233333
vt 0.166667 0.233333
vt 0.200000 0.200000
vt 0.200000 0.233333
vt 0.200000 0.200000
vt 0.233333 0.200000
vt 0.200000 0.233333
vt 0.200000 0.233333
vt 0.233333 0.200000
vt 0.233333 0.233333
vt 0.233333 0.200000
vt 0.266667 0.200000
vt 0.233333 0.233333
vt 0.233333 0.233333
vt 0.266667 0.200000
vt 0.266667 0.233333
vt 0.266667 0.200000
vt 0.300000 0.200000
vt 0.266667 0.233333
vt 0.266667 0.233333
vt 0.300000 0.200000
vt 0.300000 0.233333
vt 0.300000 0.200000
vt 0.333333 0.200000
vt 0.300000 0.233333
vt 0.300000 0.233333
vt 0.333333 0.200000
vt 0.333333 0.233333
vt 0.333333 0.200000
vt 0.366667 0.200000
vt 0.333333 0.233333
vt 0.333333 0.233333
vt 0.366667 0.200000
vt 0.366667 0.233333
vt 0.366667 0.200000
vt 0.400000 0.200000
vt 0.366667 0.233333
vt 0.366667 0.233333
vt 0.400000 0.200000
vt 0.400000 0.233333
vt 0.400000 0.200000
vt 0.433333 0.200000
vt 0.400000 0.233333
vt 0.400000 0.233333
vt 0.433333 0.200000
vt 0.433333 0.233333
vt 0.433333 0.200000
vt 0.466667 0.200000
vt 0.433333 0.233333
vt 0.433333 0.233333
vt 0.466667 0.200000
vt 0.466667 0.233333
vt 0.466667 0.200000
vt 0.500000 0.200000
vt 0.466667 0.233333
vt 0.466667 0.233333
vt 0.500000 0.200000
vt 0.500000 0.233333
vt 0.500000 0.200000
vt 0.533333 0.200000
vt 0.500000 0.233333
vt 0.500000 0.233333
vt 0.533333 0.200000
vt 0.533333 0.233333
vt 0.533333 0.200000
vt 0.566667 0.200000
vt 0.533333 0.233333
vt 0.533333 0.233333
vt 0.566667 0.200000
vt 0.566667 0.233333
vt 0.566667 0.200000
vt 0.600000 0.200000
vt 0.566667 0.233333
vt 0.566667 0.233333
vt 0.600000 0.200000
vt 0.600000 0.233333
vt 0.600000 0.200000
vt 0.633333 0.200000
vt 0.600000 0.233333
vt 0.600000 0.233333
vt 0.633333 0.200000
vt 0.633333 0.233333
vt 0.633333 0.200000
vt 0.666667 0.200000
vt 0.633333 0.233333
vt 0.633333 0.233333
vt 0.666667 0.200000
vt 0.666667 0.233333
vt 0.666667 0.200000
vt 0.700000 0.200000
vt 0.666667 0.233333
vt 0.666667 0.233333
vt 0.700000 0.200000
vt 0.700000 0.233333
vt 0.700000 0.200000
vt 0.733334 0.200000
vt 0.700000 0.233333
vt 0.700000 0.233333
vt 0.733334 0.200000
vt 0.733334 0.233333
vt 0.733334 0.200000
vt 0.766667 0.200000
vt 0.733334 0.233333
vt 0.733334 0.233333
vt 0.766667 0.200000
vt 0.766667 0.233333
vt 0.766667 0.200000
vt 0.800000 0.200000
vt 0.766667 0.233333
vt 0.766667 0.233333
vt 0.800000 0.200000
vt 0.800000 0.233333
vt 0.800000 0.200000
vt 0.833334 0.200000
vt 0.800000 0.233333
vt 0.800000 0.233333
vt 0.833334 0.200000
vt 0.833334 0.233333
vt 0.833334 0.200000
vt 0.866667 0.200000
vt 0.833334 0.233333
vt 0.833334 0.233333
vt 0.866667 0.200000
vt 0.866667 0.233333
vt 0.866667 0.200000
vt 0.900000 0.200000
vt 0.866667 0.233333
vt 0.866667 0.233333
vt 0.900000 0.200000
vt 0.900000 0.233333
vt 0.900000 0.200000
vt 0.933334 0.200000
vt 0.900000 0.233333
vt 0.900000 0.233333
vt 0.933334 0.200000
vt 0.933334 0.233333
vt 0.933334 0.200000
vt 0.966667 0.200000
vt 0.933334 0.233333
vt 0.933334 0.233333
vt 0.966667 0.200000
vt 0.966667 0.233333
vt 0.966667 0.200000
vt 1.000000 0.200000
vt 0.966667 0.233333
vt 0.966667 0.233333
vt 1.000000 0.200000
vt 1.000000 0.233333
vt 0.000000 0.233333
vt 0.033333 0.233333
vt 0.000000 0.266667
vt 0.000000 0.266667
vt 0.033333 0.233333
vt 0.033333 0.266667
vt 0.033333 0.233333
vt 0.066667 0.233333
vt 0.033333 0.266667
vt 0.033333 0.266667
vt 0.066667 0.233333
vt 0.066667 0.266667
vt 0.066667 0.233333
vt 0.100000 0.233333
vt 0.066667 0.266667
vt 0.066667 0.266667
vt 0.100000 0.233333
vt 0.100000 0.266667
vt 0.100000 0.233333
vt 0.133333 0.233333
vt 0.100000 0.266667
vt 0.100000 0.266667
vt 0.133333 0.233333
vt 0.133333 0.266667
vt 0.133333 0.233333
vt 0.166667 0.233333
vt 0.133333 0.266667
vt 0.133333 0.266667
vt 0.166667 0.233333
vt 0.166667 0.266667
vt 0.166667 0.233333
vt 0.200000 0.233333
vt 0.166667 0.266667
vt 0.166667 0.266667
vt 0.200000 0.233333
vt 0.200000 0.266667
vt 0.200000 0.233333
vt 0.233333 0.233333
vt 0.200000 0.266667
vt 0.200000 0.266667
vt 0.233333 0.233333
vt 0.233333 0.266667
vt 0.233333 0.233333
vt 0.266667 0.233333
vt 0.233333 0.266667
vt 0.233333 0.266667
vt 0.266667 0.233333
vt 0.266667 0.266667
vt 0.266667 0.233333
vt 0.300000 0.233333
vt 0.266667 0.266667
vt 0.266667 0.266667
vt 0.300000 0.233333
vt 0.300000 0.266667
vt 0.300000 0.233333
vt 0.333333 0.233333
vt 0.300000 0.266667
vt 0.300000 0.266667
vt 0.333333 0.233333
vt 0.333333 0.266667
vt 0.333333 0.233333
vt 0.366667 0.233333
vt 0.333333 0.266667
vt 0.333333 0.266667
vt 0.366667 0.233333
vt 0.366667 0.266667
vt 0.366667 0.233333
vt 0.400000 0.233333
vt 0.366667 0.266667
vt 0.366667 0.266667
vt 0.400000 0.233333
vt 0.400000 0.266667
vt 0.400000 0.233333
vt 0.433333 0.233333
vt 0.400000 0.266667
vt 0.400000 0.266667
vt 0.433333 0.233333
vt 0.433333 0.266667
vt 0.433333 0.233333
vt 0.466667 0.233333
vt 0.433333 0.266667
vt 0.433333 0.266667
vt 0.466667 0.233333
vt 0.466667 0.266667
vt 0.466667 0.233333
vt 0.500000 0.233333
vt 0.466667 0.266667
vt 0.466667 0.266667
vt 0.500000 0.233333
vt 0.500000 0.266667
vt 0.500000 0.233333
vt 0.533333 0.233333
vt 0.500000 0.266667
vt 0.500000 0.266667
vt 0.533333 0.233333
vt 0.533333 0.266667
vt 0.533333 0.233333
vt 0.566667 0.233333
vt 0.533333 0.266667
vt 0.533333 0.266667
vt 0.566667 0.233333
vt 0.566667 0.266667
vt 0.566667 0.233333
vt 0.600000 0.233333
vt 0.566667 0.266667
vt 0.566667 0.266667
vt 0.600000 0.233333
vt 0.600000 0.266667
vt 0.600000 0.233333
vt 0.633333 0.233333
vt 0.600000 0.266667
vt 0.600000 0.266667
vt 0.633333 0.233333
vt 0.633333 0.266667
vt 0.633333 0.233333
vt 0.666667 0.233333
vt 0.633333 0.266667
vt 0.633333 0.266667
vt 0.666667 0.233333
vt 0.666667 0.266667
vt 0.666667 0.233333
vt 0.700000 0.233333
vt 0.666667 0.266667
vt 0.666667 0.266667
vt 0.700000 0.233333
vt 0.700000 0.266667
vt 0.700000 0.233333
vt 0.733334 0.233333
vt 0.700000 0.266667
vt 0.700000 0.266667
vt 0.733334 0.233333
vt 0.733334 0.266667
vt 0.733334 0.233333
vt 0.766667 0.233333
vt 0.733334 0.266667
vt 0.733334 0.266667
vt 0.766667 0.233333
vt 0.766667 0.266667
vt 0.766667 0.233333
vt 0.800000 0.233333
vt 0.766667 0.266667
vt 0.766667 0.266667
vt 0.800000 0.233333
vt 0.800000 0.266667
vt 0.800000 0.233333
vt 0.833334 0.233333
vt 0.800000 0.266667
vt 0.800000 0.266667
vt 0.833334 0.233333
vt 0.833334 0.266667
vt 0.833334 0.233333
vt 0.866667 0.233333
vt 0.833334 0.266667
vt 0.833334 0.266667
vt 0.866667 0.233333
vt 0.866667 0.266667
vt 0.866667 0.233333
vt 0.900000 0.233333
vt 0.866667 0.266667
vt 0.866667 0.266667
vt 0.900000 0.233333
vt 0.900000 0.266667
vt 0.900000 0.233333
vt 0.933334 0.233333
vt 0.900000 0.266667
vt 0.900000 0.266667
vt 0.933334 0.233333
vt 0.933334 0.266667
vt 0.933334 0.233333
vt 0.966667 0.233333
vt 0.933334 0.266667
vt 0.933334 0.266667
vt 0.966667 0.233333
vt 0.966667 0.266667
vt 0.966667 0.233333
vt 1.000000 0.233333
vt 0.966667 0.266667
vt 0.966667 0.266667
vt 1.000000 0.233333
vt 1.000000 0.266667
vt 0.000000 0.266667
vt 0.033333 0.266667
vt 0.000000 0.300000
vt 0.000000 0.300000
vt 0.033333 0.266667
vt 0.033333 0.300000
vt 0.033333 0.266667
vt 0.066667 0.266667
vt 0.033333 0.300000
vt 0.033333 0.300000
vt 0.066667 0.266667
vt 0.066667 0.300000
vt 0.066667 0.266667
vt 0.100000 0.266667
vt 0.066667 0.300000
vt 0.066667 0.300000
vt 0.100000 0.266667
vt 0.100000 0.300000
vt 0.100000 0.266667
vt 0.133333 0.266667
vt 0.100000 0.300000
vt 0.100000 0.300000
vt 0.133333 0.266667
vt 0.133333 0.300000
vt 0.133333 0.266667
vt 0.166667 0.266667
vt 0.133333 0.300000
vt 0.133333 0.300000
vt 0.166667 0.266667
vt 0.166667 0.300000
vt 0.166667 0.266667
vt 0.200000 0.266667
vt 0.166667 0.300000
vt 0.166667 0.300000
vt 0.200000 0.266667
vt 0.200000 0.300000
vt 0.200000 0.266667
vt 0.233333 0.266667
vt 0.200000 0.300000
vt 0.200000 0.300000
vt 0.233333 0.266667
vt 0.233333 0.300000
vt 0.233333 0.266667
vt 0.266667 0.266667
vt 0.233333 0.300000
vt 0.233333 0.300000
vt 0.266667 0.266667
vt 0.266667 0.300000
vt 0.266667 0.266667
vt 0.300000 0.266667
vt 0.266667 0.300000
vt 0.266667 0.300000
vt 0.300000 0.266667
vt 0.300000 0.300000
vt 0.300000 0.266667
vt 0.333333 0.266667
vt 0.300000 0.300000
vt 0.300000 0.300000
vt 0.333333 0.266667
vt 0.333333 0.300000
vt 0.333333 0.266667
vt 0.366667 0.266667
vt 0.333333 0.300000
vt 0.333333 0.300000
vt 0.366667 0.266667
vt 0.366667 0.300000
vt 0.366667 0.266667
vt 0.400000 0.266667
vt 0.366667 0.300000
vt 0.366667 0.300000
vt 0.400000 0.266667
vt 0.400000 0.300000
vt 0.400000 0.266667
vt 0.433333 0.266667
vt 0.400000 0.300000
vt 0.400000 0.300000
vt 0.433333 0.266667
vt 0.433333 0.300000
vt 0.433333 0.266667
vt 0.466667 0.266667
vt 0.433333 0.300000
vt 0.433333 0.300000
vt 0.466667 0.266667
vt 0.466667 0.300000
vt 0.466667 0.266667
vt 0.500000 0.266667
vt 0.466667 0.300000
vt 0.466667 0.300000
vt 0.500000 0.266667
vt 0.500000 0.300000
vt 0.500000 0.266667
vt 0.533333 0.266667
vt 0.500000 0.300000
vt 0.500000 0.300000
vt 0.533333 0.266667
vt 0.533333 0.300000
vt 0.533333 0.266667
vt 0.566667 0.266667
vt 0.533333 0.300000
vt 0.533333 0.300000
vt 0.566667 0.266667
vt 0.566667 0.300000
vt 0.566667 0.266667
vt 0.600000 0.266667
vt 0.566667 0.300000
vt 0.566667 0.300000
vt 0.600000 0.266667
vt 0.600000 0.300000
vt 0.600000 0.266667
vt 0.633333 0.266667
vt 0.600000 0.300000
vt 0.600000 0.300000
vt 0.633333 0.266667
vt 0.633333 0.300000
vt 0.633333 0.266667
vt 0.666667 0.266667
vt 0.633333 0.300000
vt 0.633333 0.300000
vt 0.666667 0.266667
vt 0.666667 0.300000
vt 0.666667 0.266667
vt 0.700000 0.266667
vt 0.666667 0.300000
vt 0.666667 0.300000
vt 0.700000 0.266667
vt 0.700000 0.300000
vt 0.700000 0.266667
vt 0.733334 0.266667
vt 0.700000 0.300000
vt 0.700000 0.300000
vt 0.733334 0.266667
vt 0.733334 0.300000
vt 0.733334 0.266667
vt 0.766667 0.266667
vt 0.733334 0.300000
vt 0.733334 0.300000
vt 0.766667 0.266667
vt 0.766667 0.300000
vt 0.766667 0.266667
vt 0.800000 0.266667
vt 0.766667 0.300000
vt 0.766667 0.300000
vt 0.800000 0.266667
vt 0.800000 0.300000
vt 0.800000 0.266667
vt 0.833334 0.266667
vt 0.800000 0.300000
vt 0.800000 0.300000
vt 0.833334 0.266667
vt 0.833334 0.300000
vt 0.833334 0.266667
vt 0.866667 0.266667
vt 0.833334 0.300000
vt 0.833334 0.300000
vt 0.866667 0.266667
vt 0.866667 0.300000
vt 0.866667 0.266667
vt 0.900000 0.266667
vt 0.866667 0.300000
vt 0.866667 0.300000
vt 0.900000 0.266667
vt 0.900000 0.300000
vt 0.900000 0.266667
vt 0.933334 0.266667
vt 0.900000 0.300000
vt 0.900000 0.300000
vt 0.933334 0.266667
vt 0.933334 0.300000
vt 0.933334 0.266667
vt 0.966667 0.266667
vt 0.933334 0.300000
vt 0.933334 0.300000
vt 0.966667 0.266667
vt 0.966667 0.300000
vt 0.966667 0.266667
vt 1.000000 0.266667
vt 0.966667 0.300000
vt 0.966667 0.300000
vt 1.000000 0.266667
vt 1.000000 0.300000
vt 0.000000 0.300000
vt 0.033333 0.300000
vt 0.000000 0.333333
vt 0.000000 0.333333
vt 0.033333 0.300000
vt 0.033333 0.333333
vt 0.033333 0.300000
vt 0.066667 0.300000
vt 0.033333 0.333333
vt 0.033333 0.333333
vt 0.066667 0.300000
vt 0.066667 0.333333
vt 0.066667 0.300000
vt 0.100000 0.300000
vt 0.066667 0.333333
vt 0.066667 0.333333
vt 0.100000 0.300000
vt 0.100000 0.333333
vt 0.100000 0.300000
vt 0.133333 0.300000
vt 0.100000 0.333333
vt 0.100000 0.333333
vt 0.133333 0.300000
vt 0.133333 0.333333
vt 0.133333 0.300000
vt 0.166667 0.300000
vt 0.133333 0.333333
vt 0.133333 0.333333
vt 0.166667 0.300000
vt 0.166667 0.333333
vt 0.166667 0.300000
vt 0.200000 0.300000
vt 0.166667 0.333333
vt 0.166667 0.333333
vt 0.200000 0.300000
vt 0.200000 0.333333
vt 0.200000 0.300000
vt 0.233333 0.300000
vt 0.200000 0.333333
vt 0.200000 0.333333
vt 0.233333 0.300000
vt 0.233333 0.333333
vt 0.233333 0.300000
vt 0.266667 0.300000
vt 0.233333 0.333333
vt 0.233333 0.333333
vt 0.266667 0.300000
vt 0.266667 0.333333
vt 0.266667 0.300000
vt 0.300000 0.300000
vt 0.266667 0.333333
vt 0.266667 0.333333
vt 0.300000 0.300000
vt 0.300000 0.333333
vt 0.300000 0.300000
vt 0.333333 0.300000
vt 0.300000 0.333333
vt 0.300000 0.333333
vt 0.333333 0.300000
vt 0.333333 0.333333
vt 0.333333 0.300000
vt 0.366667 0.300000
vt 0.333333 0.333333
vt 0.333333 0.333333
vt 0.366667 0.300000
vt 0.366667 0.333333
vt 0.366667 0.300000
vt 0.400000 0.300000
vt 0.366667 0.333333
vt 0.366667 0.333333
vt 0.400000 0.300000
vt 0.400000 0.333333
vt 0.400000 0.300000
vt 0.433333 0.300000
vt 0.400000 0.333333
vt 0.400000 0.333333
vt 0.433333 0.300000
vt 0.433333 0.333333
vt 0.433333 0.300000
vt 0.466667 0.300000
vt 0.433333 0.333333
vt 0.433333 0.333333
vt 0.466667 0.300000
vt 0.466667 0.333333
vt 0.466667 0.300000
vt 0.500000 0.300000
vt 0.466667 0.333333
vt 0.466667 0.333333
vt 0.500000 0.300000
vt 0.500000 0.333333
vt 0.500000 0.300000
vt 0.533333 0.300000
vt 0.500000 0.333333
vt 0.500000 0.333333
vt 0.533333 0.300000
vt 0.533333 0.333333
vt 0.533333 0.300000
vt 0.566667 0.300000
vt 0.533333 0.333333
vt 0.533333 0.333333
vt 0.566667 0.300000
vt 0.566667 0.333333
vt 0.566667 0.300000
vt 0.600000 0.300000
vt 0.566667 0.333333
vt 0.566667 0.333333
vt 0.600000 0.300000
vt 0.600000 0.333333
vt 0.600000 0.300000
vt 0.633333 0.300000
vt 0.600000 0.333333
vt 0.600000 0.333333
vt 0.633333 0.300000
vt 0.633333 0.333333
vt 0.633333 0.300000
vt 0.666667 0.300000
vt 0.633333 0.333333
vt 0.633333 0.333333
vt 0.666667 0.300000
vt 0.666667 0.333333
vt 0.666667 0.300000
vt 0.700000 0.300000
vt 0.666667 0.333333
vt 0.666667 0.333333
vt 0.700000 0.300000
vt 0.700000 0.333333
vt 0.700000 0.300000
vt 0.733334 0.300000
vt 0.700000 0.333333
vt 0.700000 0.333333
vt 0.733334 0.300000
vt 0.733334 0.333333
vt 0.733334 0.300000
vt 0.766667 0.300000
vt 0.733334 0.333333
vt 0.733334 0.333333
vt 0.766667 0.300000
vt 0.766667 0.333333
vt 0.766667 0.300000
vt 0.800000 0.300000
vt 0.766667 0.333333
vt 0.766667 0.333333
vt 0.800000 0.300000
vt 0.800000 0.333333
vt 0.800000 0.300000
vt 0.833334 0.300000
vt 0.800000 0.333333
vt 0.800000 0.333333
vt 0.833334 0.300000
vt 0.833334 0.333333
vt 0.833334 0.300000
vt 0.866667 0.300000
vt 0.833334 0.333333
vt 0.833334 0.333333
vt 0.866667 0.300000
vt 0.866667 0.333333
vt 0.866667 0.300000
vt 0.900000 0.300000
vt 0.866667 0.333333
vt 0.866667 0.333333
vt 0.900000 0.300000
vt 0.900000 0.333333
vt 0.900000 0.300000
vt 0.933334 0.300000
vt 0.900000 0.333333
vt 0.900000 0.333333
vt 0.933334 0.300000
vt 0.933334 0.333333
vt 0.933334 0.300000
vt 0.966667 0.300000
vt 0.933334 0.333333
vt 0.933334 0.333333
vt 0.966667 0.300000
vt 0.966667 0.333333
vt 0.966667 0.300000
vt 1.000000 0.300000
vt 0.966667 0.333333
vt 0.966667 0.333333
vt 1.000000 0.300000
vt 1.000000 0.333333
vt 0.000000 0.333333
vt 0.033333 0.333333
vt 0.000000 0.366667
vt 0.000000 0.366667
vt 0.033333 0.333333
vt 0.033333 0.366667
vt 0.033333 0.333333
vt 0.066667 0.333333
vt 0.033333 0.366667
vt 0.033333 0.366667
vt 0.066667 0.333333
vt 0.066667 0.366667
vt 0.066667 0.333333
vt 0.100000 0.333333
vt 0.066667 0.366667
vt 0.066667 0.366667
vt 0.100000 0.333333
vt 0.100000 0.366667
vt 0.100000 0.333333
vt 0.133333 0.333333
vt 0.100000 0.366667
vt 0.100000 0.366667
vt 0.133333 0.333333
vt 0.133333 0.366667
vt 0.133333 0.333333
vt 0.166667 0.333333
vt 0.133333 0.366667
vt 0.133333 0.366667
vt 0.166667 0.333333
vt 0.166667 0.366667
vt 0.166667 0.333333
vt 0.200000 0.333333
vt 0.166667 0.366667
vt 0.166667 0.366667
vt 0.200000 0.333333
vt 0.200000 0.366667
vt 0.200000 0.333333
vt 0.233333 0.333333
vt 0.200000 0.366667
vt 0.200000 0.366667
vt 0.233333 0.333333
vt 0.233333 0.366667
vt 0.233333 0.333333
vt 0.266667 0.333333
vt 0.233333 0.366667
vt 0.233333 0.366667
vt 0.266667 0.333333
vt 0.266667 0.366667
vt 0.266667 0.333333
vt 0.300000 0.333333
vt 0.266667 0.366667
vt 0.266667 0.366667
vt 0.300000 0.333333
vt 0.300000 0.366667
vt 0.300000 0.333333
vt 0.333333 0.333333
vt 0.300000 0.366667
vt 0.300000 0.366667
vt 0.333333 0.333333
vt 0.333333 0.366667
vt 0.333333 0.333333
vt 0.366667 0.333333
vt 0.333333 0.366667
vt 0.333333 0.366667
vt 0.366667 0.333333
vt 0.366667 0.366667
vt 0.366667 0.333333
vt 0.400000 0.333333
vt 0.366667 0.366667
vt 0.366667 0.366667
vt 0.400000 0.333333
vt 0.400000 0.366667
vt 0.400000 0.333333
vt 0.433333 0.333333
vt 0.400000 0.366667
vt 0.400000 0.366667
vt 0.433333 0.333333
vt 0.433333 0.366667
vt 0.433333 0.333333
vt 0.466667 0.333333
vt 0.433333 0.366667
vt 0.433333 0.366667
vt 0.466667 0.333333
vt 0.466667 0.366667
vt 0.466667 0.333333
vt 0.500000 0.333333
vt 0.466667 0.366667
vt 0.466667 0.366667
vt 0.500000 0.333333
vt 0.500000 0.366667
vt 0.500000 0.333333
vt 0.533333 0.333333
vt 0.500000 0.366667
vt 0.500000 0.366667
vt 0.533333 0.333333
vt 0.533333 0.366667
vt 0.533333 0.333333
vt 0.566667 0.333333
vt 0.533333 0.366667
vt 0.533333 0.366667
vt 0.566667 0.333333
vt 0.566667 0.366667
vt 0.566667 0.333333
vt 0.600000 0.333333
vt 0.566667 0.366667
vt 0.566667 0.366667
vt 0.600000 0.333333
vt 0.600000 0.366667
vt 0.600000 0.333333
vt 0.633333 0.333333
vt 0.600000 0.366667
vt 0.600000 0.366667
vt 0.633333 0.333333
vt 0.633333 0.366667
vt 0.633333 0.333333
vt 0.666667 0.333333
vt 0.633333 0.366667
vt 0.633333 0.366667
vt 0.666667 0.333333
vt 0.666667 0.366667
vt 0.666667 0.333333
vt 0.700000 0.333333
vt 0.666667 0.366667
vt 0.666667 0.366667
vt 0.700000 0.333333
vt 0.700000 0.366667
vt 0.700000 0.333333
vt 0.733334 0.333333
vt 0.700000 0.366667
vt 0.700000 0.366667
vt 0.733334 0.333333
vt 0.733334 0.366667
vt 0.733334 0.333333
vt 0.766667 0.333333
vt 0.733334 0.366667
vt 0.733334 0.366667
vt 0.766667 0.333333
vt 0.766667 0.366667
vt 0.766667 0.333333
vt 0.800000 0.333333
vt 0.766667 0.366667
vt 0.766667 0.366667
vt 0.800000 0.333333
vt 0.800000 0.366667
vt 0.800000 0.333333
vt 0.833334 0.333333
vt 0.800000 0.366667
vt 0.800000 0.366667
vt 0.833334 0.333333
vt 0.833334 0.366667
vt 0.833334 0.333333
vt 0.866667 0.333333
vt 0.833334 0.366667
vt 0.833334 0.366667
vt 0.866667 0.333333
vt 0.866667 0.366667
vt 0.866667 0.333333
vt 0.900000 0.333333
vt 0.866667 0.366667
vt 0.866667 0.366667
vt 0.900000 0.333333
vt 0.900000 0.366667
vt 0.900000 0.333333
vt 0.933334 0.333333
vt 0.900000 0.366667
vt 0.900000 0.366667
vt 0.933334 0.333333
vt 0.933334 0.366667
vt 0.933334 0.333333
vt 0.966667 0.333333
vt 0.933334 0.366667
vt 0.933334 0.366667
vt 0.966667 0.333333
vt 0.966667 0.366667
vt 0.966667 0.333333
vt 1.000000 0.333333
vt 0.966667 0.366667
vt 0.966667 0.366667
vt 1.000000 0.333333
vt 1.000000 0.366667
vt 0.000000 0.366667
vt 0.033333 0.366667
vt 0.000000 0.400000
vt 0.000000 0.400000
vt 0.033333 0.366667
vt 0.033333 0.400000
vt 0.033333 0.366667
vt 0.066667 0.366667
vt 0.033333 0.400000
vt 0.033333 0.400000
vt 0.066667 0.366667
vt 0.066667 0.400000
vt 0.066667 0.366667
vt 0.100000 0.366667
vt 0.066667 0.400000
vt 0.066667 0.400000
vt 0.100000 0.366667
vt 0.100000 0.400000
vt 0.100000 0.366667
vt 0.133333 0.366667
vt 0.100000 0.400000
vt 0.100000 0.400000
vt 0.133333 0.366667
vt 0.133333 0.400000
vt 0.133333 0.366667
vt 0.166667 0.366667
vt 0.133333 0.400000
vt 0.133333 0.400000
vt 0.166667 0.366667
vt 0.166667 0.400000
vt 0.166667 0.366667
vt 0.200000 0.366667
vt 0.166667 0.400000
vt 0.166667 0.400000
vt 0.200000 0.366667
vt 0.200000 0.400000
vt 0.200000 0.366667
vt 0.233333 0.366667
vt 0.200000 0.400000
vt 0.200000 0.400000
vt 0.233333 0.366667
vt 0.233333 0.400000
vt 0.233333 0.366667
vt 0.266667 0.366667
vt 0.233333 0.400000
vt 0.233333 0.400000
vt 0.266667 0.366667
vt 0.266667 0.400000
vt 0.266667 0.366667
vt 0.300000 0.366667
vt 0.266667 0.400000
vt 0.266667 0.400000
vt 0.300000 0.366667
vt 0.300000 0.400000
vt 0.300000 0.366667
vt 0.333333 0.366667
vt 0.300000 0.400000
vt 0.300000 0.400000
vt 0.333333 0.366667
vt 0.333333 0.400000
vt 0.333333 0.366667
vt 0.366667 0.366667
vt 0.333333 0.400000
vt 0.333333 0.400000
vt 0.366667 0.366667
vt 0.366667 0.400000
vt 0.366667 0.366667
vt 0.400000 0.366667
vt 0.366667 0.400000
vt 0.366667 0.400000
vt 0.400000 0.366667
vt 0.400000 0.400000
vt 0.400000 0.366667
vt 0.433333 0.366667
vt 0.400000 0.400000
vt 0.400000 0.400000
vt 0.433333 0.366667
vt 0.433333 0.400000
vt 0.433333 0.366667
vt 0.466667 0.366667
vt 0.433333 0.400000
vt 0.433333 0.400000
vt 0.466667 0.366667
vt 0.466667 0.400000
vt 0.466667 0.366667
vt 0.500000 0.366667
vt 0.466667 0.400000
vt 0.466667 0.400000
vt 0.500000 0.366667
vt 0.500000 0.400000
vt 0.500000 0.366667
vt 0.533333 0.366667
vt 0.500000 0.400000
vt 0.500000 0.400000
vt 0.533333 0.366667
vt 0.533333 0.400000
vt 0.533333 0.366667
vt 0.566667 0.366667
vt 0.533333 0.400000
vt 0.533333 0.400000
vt 0.566667 0.366667
vt 0.566667 0.400000
vt 0.566667 0.366667
vt 0.600000 0.366667
vt 0.566667 0.400000
vt 0.566667 0.400000
vt 0.600000 0.366667
vt 0.600000 0.400000
vt 0.600000 0.366667
vt 0.633333 0.366667
vt 0.600000 0.400000
vt 0.600000 0.400000
vt 0.633333 0.366667
vt 0.633333 0.400000
vt 0.633333 0.366667
vt 0.666667 0.366667
vt 0.633333 0.400000
vt 0.633333 0.400000
vt 0.666667 0.366667
vt 0.666667 0.400000
vt 0.666667 0.366667
vt 0.700000 0.366667
vt 0.666667 0.400000
vt 0.666667 0.400000
vt 0.700000 0.366667
vt 0.700000 0.400000
vt 0.700000 0.366667
vt 0.733334 0.366667
vt 0.700000 0.400000
vt 0.700000 0.400000
vt 0.733334 0.366667
vt 0.733334 0.400000
vt 0.733334 0.366667
vt 0.766667 0.366667
vt 0.733334 0.400000
vt 0.733334 0.400000
vt 0.766667 0.366667
vt 0.766667 0.400000
vt 0.766667 0.366667
vt 0.800000 0.366667
vt 0.766667 0.400000
vt 0.766667 0.400000
vt 0.800000 0.366667
vt 0.800000 0.400000
vt 0.800000 0.366667
vt 0.833334 0.366667
vt 0.800000 0.400000
vt 0.800000 0.400000
vt 0.833334 0.366667
vt 0.833334 0.400000
vt 0.833334 0.366667
vt 0.866667 0.366667
vt 0.833334 0.400000
vt 0.833334 0.400000
vt 0.866667 0.366667
vt 0.866667 0.400000
vt 0.866667 0.366667
vt 0.900000 0.366667
vt 0.866667 0.400000
vt 0.866667 0.400000
vt 0.900000 0.366667
vt 0.900000 0.400000
vt 0.900000 0.366667
vt 0.933334 0.366667
vt 0.900000 0.400000
vt 0.900000 0.400000
vt 0.933334 0.366667
vt 0.933334 0.400000
vt 0.933334 0.366667
vt 0.966667 0.366667
vt 0.933334 0.400000
vt 0.933334 0.400000
vt 0.966667 0.366667
vt 0.966667 0.400000
vt 0.966667 0.366667
vt 1.000000 0.366667
vt 0.966667 0.400000
vt 0.966667 0.400000
vt 1.000000 0.366667
vt 1.000000 0.400000
vt 0.000000 0.400000
vt 0.033333 0.400000
vt 0.000000 0.433333
vt 0.000000 0.433333
vt 0.033333 0.400000
vt 0.033333 0.433333
vt 0.033333 0.400000
vt 0.066667 0.400000
vt 0.033333 0.433333
vt 0.033333 0.433333
vt 0.066667 0.400000
vt 0.066667 0.433333
vt 0.066667 0.400000
vt 0.100000 0.400000
vt 0.066667 0.433333
vt 0.066667 0.433333
vt 0.100000 0.400000
vt 0.100000 0.433333
vt 0.100000 0.400000
vt 0.133333 0.400000
vt 0.100000 0.433333
vt 0.100000 0.433333
vt 0.133333 0.400000
vt 0.133333 0.433333
vt 0.133333 0.400000
vt 0.166667 0.400000
vt 0.133333 0.433333
vt 0.133333 0.433333
vt 0.166667 0.400000
vt 0.166667 0.433333
vt 0.166667 0.400000
vt 0.200000 0.400000
vt 0.166667 0.433333
vt 0.166667 0.433333
vt 0.200000 0.400000
vt 0.200000 0.433333
vt 0.200000 0.400000
vt 0.233333 0.400000
vt 0.200000 0.433333
vt 0.200000 0.433333
vt 0.233333 0.400000
vt 0.233333 0.433333
vt 0.233333 0.400000
vt 0.266667 0.400000
vt 0.233333 0.433333
vt 0.233333 0.433333
vt 0.266667 0.400000
vt 0.266667 0.433333
vt 0.266667 0.400000
vt 0.300000 0.400000
vt 0.266667 0.433333
vt 0.266667 0.433333
vt 0.300000 0.400000
vt 0.300000 0.433333
vt 0.300000 0.400000
vt 0.333333 0.400000
vt 0.300000 0.433333
vt 0.300000 0.433333
vt 0.333333 0.400000
vt 0.333333 0.433333
vt 0.333333 0.400000
vt 0.366667 0.400000
vt 0.333333 0.433333
vt 0.333333 0.433333
vt 0.366667 0.400000
vt 0.366667 0.433333
vt 0.366667 0.400000
vt 0.400000 0.400000
vt 0.366667 0.433333
vt 0.366667 0.433333
vt 0.400000 0.400000
vt 0.400000 0.433333
vt 0.400000 0.400000
vt 0.433333 0.400000
vt 0.400000 0.433333
vt 0.400000 0.433333
vt 0.433333 0.400000
vt 0.433333 0.433333
vt 0.433333 0.400000
vt 0.466667 0.400000
vt 0.433333 0.433333
vt 0.433333 0.433333
vt 0.466667 0.400000
vt 0.466667 0.433333
vt 0.466667 0.400000
vt 0.500000 0.400000
vt 0.466667 0.433333
vt 0.466667 0.433333
vt 0.500000 0.400000
vt 0.500000 0.433333
vt 0.500000 0.400000
vt 0.533333 0.400000
vt 0.500000 0.433333
vt 0.500000 0.433333
vt 0.533333 0.400000
vt 0.533333 0.433333
vt 0.533333 0.400000
vt 0.566667 0.400000
vt 0.533333 0.433333
vt 0.533333 0.433333
vt 0.566667 0.400000
vt 0.566667 0.433333
vt 0.566667 0.400000
vt 0.600000 0.400000
vt 0.566667 0.433333
vt 0.566667 0.433333
vt 0.600000 0.400000
vt 0.600000 0.433333
vt 0.600000 0.400000
vt 0.633333 0.400000
vt 0.600000 0.433333
vt 0.600000 0.433333
vt 0.633333 0.400000
vt 0.633333 0.433333
vt 0.633333 0.400000
vt 0.666667 0.400000
vt 0.633333 0.433333
vt 0.633333 0.433333
vt 0.666667 0.400000
vt 0.666667 0.433333
vt 0.666667 0.400000
vt 0.700000 0.400000
vt 0.666667 0.433333
vt 0.666667 0.433333
vt 0.700000 0.400000
vt 0.700000 0.433333
vt 0.700000 0.400000
vt 0.733334 0.400000
vt 0.700000 0.433333
vt 0.700000 0.433333
vt 0.733334 0.400000
vt 0.733334 0.433333
vt 0.733334 0.400000
vt 0.766667 0.400000
vt 0.733334 0.433333
vt 0.733334 0.433333
vt 0.766667 0.400000
vt 0.766667 0.433333
vt 0.766667 0.400000
vt 0.800000 0.400000
vt 0.766667 0.433333
vt 0.766667 0.433333
vt 0.800000 0.400000
vt 0.800000 0.433333
vt 0.800000 0.400000
vt 0.833334 0.400000
vt 0.800000 0.433333
vt 0.800000 0.433333
vt 0.833334 0.400000
vt 0.833334 0.433333
vt 0.833334 0.400000
vt 0.866667 0.400000
vt 0.833334 0.433333
vt 0.833334 0.433333
vt 0.866667 0.400000
vt 0.866667 0.433333
vt 0.866667 0.400000
vt 0.900000 0.400000
vt 0.866667 0.433333
vt 0.866667 0.433333
vt 0.900000 0.400000
vt 0.900000 0.433333
vt 0.900000 0.400000
vt 0.933334 0.400000
vt 0.900000 0.433333
vt 0.900000 0.433333
vt 0.933334 0.400000
vt 0.933334 0.433333
vt 0.933334 0.400000
vt 0.966667 0.400000
vt 0.933334 0.433333
vt 0.933334 0.433333
vt 0.966667 0.400000
vt 0.966667 0.433333
vt 0.966667 0.400000
vt 1.000000 0.400000
vt 0.966667 0.433333
vt 0.966667 0.433333
vt 1.000000 0.400000
vt 1.000000 0.433333
vt 0.000000 0.433333
vt 0.033333 0.433333
vt 0.000000 0.466667
vt 0.000000 0.466667
vt 0.033333 0.433333
vt 0.033333 0.466667
vt 0.033333 0.433333
vt 0.066667 0.433333
vt 0.033333 0.466667
vt 0.033333 0.466667
vt 0.066667 0.433333
vt 0.066667 0.466667
vt 0.066667 0.433333
vt 0.100000 0.433333
vt 0.066667 0.466667
vt 0.066667 0.466667
vt 0.100000 0.433333
vt 0.100000 0.466667
vt 0.100000 0.433333
vt 0.133333 0.433333
vt 0.100000 0.466667
vt 0.100000 0.466667
vt 0.133333 0.433333
vt 0.133333 0.466667
vt 0.133333 0.433333
vt 0.166667 0.433333
vt 0.133333 0.466667
vt 0.133333 0.466667
vt 0.166667 0.433333
vt 0.166667 0.466667
vt 0.166667 0.433333
vt 0.200000 0.433333
vt 0.166667 0.466667
vt 0.166667 0.466667
vt 0.200000 0.433333
vt 0.200000 0.466667
vt 0.200000 0.433333
vt 0.233333 0.433333
vt 0.200000 0.466667
vt 0.200000 0.466667
vt 0.233333 0.433333
vt 0.233333 0.466667
vt 0.233333 0.433333
vt 0.266667 0.433333
vt 0.233333 0.466667
vt 0.233333 0.466667
vt 0.266667 0.433333
vt 0.266667 0.466667
vt 0.266667 0.433333
vt 0.300000 0.433333
vt 0.266667 0.466667
vt 0.266667 0.466667
vt 0.300000 0.433333
vt 0.300000 0.466667
vt 0.300000 0.433333
vt 0.333333 0.433333
vt 0.300000 0.466667
vt 0.300000 0.466667
vt 0.333333 0.433333
vt 0.333333 0.466667
vt 0.333333 0.433333
vt 0.366667 0.433333
vt 0.333333 0.466667
vt 0.333333 0.466667
vt 0.366667 0.433333
vt 0.366667 0.466667
vt 0.366667 0.433333
vt 0.400000 0.433333
vt 0.366667 0.466667
vt 0.366667 0.466667
vt 0.400000 0.433333
vt 0.400000 0.466667
vt 0.400000 0.433333
vt 0.433333 0.433333
vt 0.400000 0.466667
vt 0.400000 0.466667
vt 0.433333 0.433333
vt 0.433333 0.466667
vt 0.433333 0.433333
vt 0.466667 0.433333
vt 0.433333 0.466667
vt 0.433333 0.466667
vt 0.466667 0.433333
vt 0.466667 0.466667
vt 0.466667 0.433333
vt 0.500000 0.433333
vt 0.466667 0.466667
vt 0.466667 0.466667
vt 0.500000 0.433333
vt 0.500000 0.466667
vt 0.500000 0.433333
vt 0.533333 0.433333
vt 0.500000 0.466667
vt 0.500000 0.466667
vt 0.533333 0.433333
vt 0.533333 0.466667
vt 0.533333 0.433333
vt 0.566667 0.433333
vt 0.533333 0.466667
vt 0.533333 0.466667
vt 0.566667 0.433333
vt 0.566667 0.466667
vt 0.566667 0.433333
vt 0.600000 0.433333
vt 0.566667 0.466667
vt 0.566667 0.466667
vt 0.600000 0.433333
vt 0.600000 0.466667
vt 0.600000 0.433333
vt 0.633333 0.433333
vt 0.600000 0.466667
vt 0.600000 0.466667
vt 0.633333 0.433333
vt 0.633333 0.466667
vt 0.633333 0.433333
vt 0.666667 0.433333
vt 0.633333 0.466667
vt 0.633333 0.466667
vt 0.666667 0.433333
vt 0.666667 0.466667
vt 0.666667 0.433333
vt 0.700000 0.433333
vt 0.666667 0.466667
vt 0.666667 0.466667
vt 0.700000 0.433333
vt 0.700000 0.466667
vt 0.700000 0.433333
vt 0.733334 0.433333
vt 0.700000 0.466667
vt 0.700000 0.466667
vt 0.733334 0.433333
vt 0.733334 0.466667
vt 0.733334 0.433333
vt 0.766667 0.433333
vt 0.733334 0.466667
vt 0.733334 0.466667
vt 0.766667 0.433333
vt 0.766667 0.466667
vt 0.766667 0.433333
vt 0.800000 0.433333
vt 0.766667 0.466667
vt 0.766667 0.466667
vt 0.800000 0.433333
vt 0.800000 0.466667
vt 0.800000 0.433333
vt 0.833334 0.433333
vt 0.800000 0.466667
vt 0.800000 0.466667
vt 0.833334 0.433333
vt 0.833334 0.466667
vt 0.833334 0.433333
vt 0.866667 0.433333
vt 0.833334 0.466667
vt 0.833334 0.466667
vt 0.866667 0.433333
vt 0.866667 0.466667
vt 0.866667 0.433333
vt 0.900000 0.433333
vt 0.866667 0.466667
vt 0.866667 0.466667
vt 0.900000 0.433333
vt 0.900000 0.466667
vt 0.900000 0.433333
vt 0.933334 0.433333
vt 0.900000 0.466667
vt 0.900000 0.466667
vt 0.933334 0.433333
vt 0.933334 0.466667
vt 0.933334 0.433333
vt 0.966667 0.433333
vt 0.933334 0.466667
vt 0.933334 0.466667
vt 0.966667 0.433333
vt 0.966667 0.466667
vt 0.966667 0.433333
vt 1.000000 0.433333
vt 0.966667 0.466667
vt 0.966667 0.466667
vt 1.000000 0.433333
vt 1.000000 0.466667
vt 0.000000 0.466667
vt 0.033333 0.466667
vt 0.000000 0.500000
vt 0.000000 0.500000
vt 0.033333 0.466667
vt 0.033333 0.500000
vt 0.033333 0.466667
vt 0.066667 0.466667
vt 0.033333 0.500000
vt 0.033333 0.500000
vt 0.066667 0.466667
vt 0.066667 0.500000
vt 0.066667 0.466667
vt 0.100000 0.466667
vt 0.066667 0.500000
vt 0.066667 0.500000
vt 0.100000 0.466667
vt 0.100000 0.500000
vt 0.100000 0.466667
vt 0.133333 0.466667
vt 0.100000 0.500000
vt 0.100000 0.500000
vt 0.133333 0.466667
vt 0.133333 0.500000
vt 0.133333 0.466667
vt 0.166667 0.466667
vt 0.133333 0.500000
vt 0.133333 0.500000
vt 0.166667 0.466667
vt 0.166667 0.500000
vt 0.166667 0.466667
vt 0.200000 0.466667
vt 0.166667 0.500000
vt 0.166667 0.500000
vt 0.200000 0.466667
vt 0.200000 0.500000
vt 0.200000 0.466667
vt 0.233333 0.466667
vt 0.200000 0.500000
vt 0.200000 0.500000
vt 0.233333 0.466667
vt 0.233333 0.500000
vt 0.233333 0.466667
vt 0.266667 0.466667
vt 0.233333 0.500000
vt 0.233333 0.500000
vt 0.266667 0.466667
vt 0.266667 0.500000
vt 0.266667 0.466667
vt 0.300000 0.466667
vt 0.266667 0.500000
vt 0.266667 0.500000
vt 0.300000 0.466667
vt 0.300000 0.500000
vt 0.300000 0.466667
vt 0.333333 0.466667
vt 0.300000 0.500000
vt 0.300000 0.500000
vt 0.333333 0.466667
vt 0.333333 0.500000
vt 0.333333 0.466667
vt 0.366667 0.466667
vt 0.333333 0.500000
vt 0.333333 0.500000
vt 0.366667 0.466667
vt 0.366667 0.500000
vt 0.366667 0.466667
vt 0.400000 0.466667
vt 0.366667 0.500000
vt 0.366667 0.500000
vt 0.400000 0.466667
vt 0.400000 0.500000
vt 0.400000 0.466667
vt 0.433333 0.466667
vt 0.400000 0.500000
vt 0.400000 0.500000
vt 0.433333 0.466667
vt 0.433333 0.500000
vt 0.433333 0.466667
vt 0.466667 0.466667
vt 0.433333 0.500000
vt 0.433333 0.500000
vt 0.466667 0.466667
vt 0.466667 0.500000
vt 0.466667 0.466667
vt 0.500000 0.466667
vt 0.466667 0.500000
vt 0.466667 0.500000
vt 0.500000 0.466667
vt 0.500000 0.500000
vt 0.500000 0.466667
vt 0.533333 0.466667
vt 0.500000 0.500000
vt 0.500000 0.500000
vt 0.533333 0.466667
vt 0.533333 0.500000
vt 0.533333 0.466667
vt 0.566667 0.466667
vt 0.533333 0.500000
vt 0.533333 0.500000
vt 0.566667 0.466667
vt 0.566667 0.500000
vt 0.566667 0.466667
vt 0.600000 0.466667
vt 0.566667 0.500000
vt 0.566667 0.500000
vt 0.600000 0.466667
vt 0.600000 0.500000
vt 0.600000 0.466667
vt 0.633333 0.466667
vt 0.600000 0.500000
vt 0.600000 0.500000
vt 0.633333 0.466667
vt 0.633333 0.500000
vt 0.633333 0.466667
vt 0.666667 0.466667
vt 0.633333 0.500000
vt 0.633333 0.500000
vt 0.666667 0.466667
vt 0.666667 0.500000
vt 0.666667 0.466667
vt 0.700000 0.466667
vt 0.666667 0.500000
vt 0.666667 0.500000
vt 0.700000 0.466667
vt 0.700000 0.500000
vt 0.700000 0.466667
vt 0.733334 0.466667
vt 0.700000 0.500000
vt 0.700000 0.500000
vt 0.733334 0.466667
vt 0.733334 0.500000
vt 0.733334 0.466667
vt 0.766667 0.466667
vt 0.733334 0.500000
vt 0.733334 0.500000
vt 0.766667 0.466667
vt 0.766667 0.500000
vt 0.766667 0.466667
vt 0.800000 0.466667
vt 0.766667 0.500000
vt 0.766667 0.500000
vt 0.800000 0.466667
vt 0.800000 0.500000
vt 0.800000 0.466667
vt 0.833334 0.466667
vt 0.800000 0.500000
vt 0.800000 0.500000
vt 0.833334 0.466667
vt 0.833334 0.500000
vt 0.833334 0.466667
vt 0.866667 0.466667
vt 0.833334 0.500000
vt 0.833334 0.500000
vt 0.866667 0.466667
vt 0.866667 0.500000
vt 0.866667 0.466667
vt 0.900000 0.466667
vt 0.866667 0.500000
vt 0.866667 0.500000
vt 0.900000 0.466667
vt 0.900000 0.500000
vt 0.900000 0.466667
vt 0.933334 0.466667
vt 0.900000 0.500000
vt 0.900000 0.500000
vt 0.933334 0.466667
vt 0.933334 0.500000
vt 0.933334 0.466667
vt 0.966667 0.466667
vt 0.933334 0.500000
vt 0.933334 0.500000
vt 0.966667 0.466667
vt 0.966667 0.500000
vt 0.966667 0.466667
vt 1.000000 0.466667
vt 0.966667 0.500000
vt 0.966667 0.500000
vt 1.000000 0.466667
vt 1.000000 0.500000
vt 0.000000 0.500000
vt 0.033333 0.500000
vt 0.000000 0.533333
vt 0.000000 0.533333
vt 0.033333 0.500000
vt 0.033333 0.533333
vt 0.033333 0.500000
vt 0.066667 0.500000
vt 0.033333 0.533333
vt 0.033333 0.533333
vt 0.066667 0.500000
vt 0.066667 0.533333
vt 0.066667 0.500000
vt 0.100000 0.500000
vt 0.066667 0.533333
vt 0.066667 0.533333
vt 0.100000 0.500000
vt 0.100000 0.533333
vt 0.100000 0.500000
vt 0.133333 0.500000
vt 0.100000 0.533333
vt 0.100000 0.533333
vt 0.133333 0.500000
vt 0.133333 0.533333
vt 0.133333 0.500000
vt 0.166667 0.500000
vt 0.133333 0.533333
vt 0.133333 0.533333
vt 0.166667 0.500000
vt 0.166667 0.533333
vt 0.166667 0.500000
vt 0.200000 0.500000
vt 0.166667 0.533333
vt 0.166667 0.533333
vt 0.200000 0.500000
vt 0.200000 0.533333
vt 0.200000 0.500000
vt 0.233333 0.500000
vt 0.200000 0.533333
vt 0.200000 0.533333
vt 0.233333 0.500000
vt 0.233333 0.533333
vt 0.233333 0.500000
vt 0.266667 0.500000
vt 0.233333 0.533333
vt 0.233333 0.533333
vt 0.266667 0.500000
vt 0.266667 0.533333
vt 0.266667 0.500000
vt 0.300000 0.500000
vt 0.266667 0.533333
vt 0.266667 0.533333
vt 0.300000 0.500000
vt 0.300000 0.533333
vt 0.300000 0.500000
vt 0.333333 0.500000
vt 0.300000 0.533333
vt 0.300000 0.533333
vt 0.333333 0.500000
vt 0.333333 0.533333
vt 0.333333 0.500000
vt 0.366667 0.500000
vt 0.333333 0.533333
vt 0.333333 0.533333
vt 0.366667 0.500000
vt 0.366667 0.533333
vt 0.366667 0.500000
vt 0.400000 0.500000
vt 0.366667 0.533333
vt 0.366667 0.533333
vt 0.400000 0.500000
vt 0.400000 0.533333
vt 0.400000 0.500000
vt 0.433333 0.500000
vt 0.400000 0.533333
vt 0.400000 0.533333
vt 0.433333 0.500000
vt 0.433333 0.533333
vt 0.433333 0.500000
vt 0.466667 0.500000
vt 0.433333 0.533333
vt 0.433333 0.533333
vt 0.466667 0.500000
vt 0.466667 0.533333
vt 0.466667 0.500000
vt 0.500000 0.500000
vt 0.466667 0.533333
vt 0.466667 0.533333
vt 0.500000 0.500000
vt 0.500000 0.533333
vt 0.500000 0.500000
vt 0.533333 0.500000
vt 0.500000 0.533333
vt 0.500000 0.533333
vt 0.533333 0.500000
vt 0.533333 0.533333
vt 0.533333 0.500000
vt 0.566667 0.500000
vt 0.533333 0.533333
vt 0.533333 0.533333
vt 0.566667 0.500000
vt 0.566667 0.533333
vt 0.566667 0.500000
vt 0.600000 0.500000
vt 0.566667 0.533333
vt 0.566667 0.533333
vt 0.600000 0.500000
vt 0.600000 0.533333
vt 0.600000 0.500000
vt 0.633333 0.500000
vt 0.600000 0.533333
vt 0.600000 0.533333
vt 0.633333 0.500000
vt 0.633333 0.533333
vt 0.633333 0.500000
vt 0.666667 0.500000
vt 0.633333 0.533333
vt 0.633333 0.533333
vt 0.666667 0.500000
vt 0.666667 0.533333
vt 0.666667 0.500000
vt 0.700000 0.500000
vt 0.666667 0.533333
vt 0.666667 0.533333
vt 0.700000 0.500000
vt 0.700000 0.533333
vt 0.700000 0.500000
vt 0.733334 0.500000
vt 0.700000 0.533333
vt 0.700000 0.533333
vt 0.733334 0.500000
vt 0.733334 0.533333
vt 0.733334 0.500000
vt 0.766667 0.500000
vt 0.733334 0.533333
vt 0.733334 0.533333
vt 0.766667 0.500000
vt 0.766667 0.533333
vt 0.766667 0.500000
vt 0.800000 0.500000
vt 0.766667 0.533333
vt 0.766667 0.533333
vt 0.800000 0.500000
vt 0.800000 0.533333
vt 0.800000 0.500000
vt 0.833334 0.500000
vt 0.800000 0.533333
vt 0.800000 0.533333
vt 0.833334 0.500000
vt 0.833334 0.533333
vt 0.833334 0.500000
vt 0.866667 0.500000
vt 0.833334 0.533333
vt 0.833334 0.533333
vt 0.866667 0.500000
vt 0.866667 0.533333
vt 0.866667 0.500000
vt 0.900000 0.500000
vt 0.866667 0.533333
vt 0.866667 0.533333
vt 0.900000 0.500000
vt 0.900000 0.533333
vt 0.900000 0.500000
vt 0.933334 0.500000
vt 0.900000 0.533333
vt 0.900000 0.533333
vt 0.933334 0.500000
vt 0.933334 0.533333
vt 0.933334 0.500000
vt 0.966667 0.500000
vt 0.933334 0.533333
vt 0.933334 0.533333
vt 0.966667 0.500000
vt 0.966667 0.533333
vt 0.966667 0.500000
vt 1.000000 0.500000
vt 0.966667 0.533333
vt 0.966667 0.533333
vt 1.000000 0.500000
vt 1.000000 0.533333
vt 0.000000 0.533333
vt 0.033333 0.533333
vt 0.000000 0.566667
vt 0.000000 0.566667
vt 0.033333 0.533333
vt 0.033333 0.566667
vt 0.033333 0.533333
vt 0.066667 0.533333
vt 0.033333 0.566667
vt 0.033333 0.566667
vt 0.066667 0.533333
vt 0.066667 0.566667
vt 0.066667 0.533333
vt 0.100000 0.533333
vt 0.066667 0.566667
vt 0.066667 0.566667
vt 0.100000 0.533333
vt 0.100000 0.566667
vt 0.100000 0.533333
vt 0.133333 0.533333
vt 0.100000 0.566667
vt 0.100000 0.566667
vt 0.133333 0.533333
vt 0.133333 0.566667
vt 0.133333 0.533333
vt 0.166667 0.533333
vt 0.133333 0.566667
vt 0.133333 0.566667
vt 0.166667 0.533333
vt 0.166667 0.566667
vt 0.166667 0.533333
vt 0.200000 0.533333
vt 0.166667 0.566667
vt 0.166667 0.566667
vt 0.200000 0.533333
vt 0.200000 0.566667
vt 0.200000 0.533333
vt 0.233333 0.533333
vt 0.200000 0.566667
vt 0.200000 0.566667
vt 0.233333 0.533333
vt 0.233333 0.566667
vt 0.233333 0.533333
vt 0.266667 0.533333
vt 0.233333 0.566667
vt 0.233333 0.566667
vt 0.266667 0.533333
vt 0.266667 0.566667
vt 0.266667 0.533333
vt 0.300000 0.533333
vt 0.266667 0.566667
vt 0.266667 0.566667
vt 0.300000 0.533333
vt 0.300000 0.566667
vt 0.300000 0.533333
vt 0.333333 0.533333
vt 0.300000 0.566667
vt 0.300000 0.566667
vt 0.333333 0.533333
vt 0.333333 0.566667
vt 0.333333 0.533333
vt 0.366667 0.533333
vt 0.333333 0.566667
vt 0.333333 0.566667
vt 0.366667 0.533333
vt 0.366667 0.566667
vt 0.366667 0.533333
vt 0.400000 0.533333
vt 0.366667 0.566667
vt 0.366667 0.566667
vt 0.400000 0.533333
vt 0.400000 0.566667
vt 0.400000 0.533333
vt 0.433333 0.533333
vt 0.400000 0.566667
vt 0.400000 0.566667
vt 0.433333 0.533333
vt 0.433333 0.566667
vt 0.433333 0.533333
vt 0.466667 0.533333
vt 0.433333 0.566667
vt 0.433333 0.566667
vt 0.466667 0.533333
vt 0.466667 0.566667
vt 0.466667 0.533333
vt 0.500000 0.533333
vt 0.466667 0.566667
vt 0.466667 0.566667
vt 0.500000 0.533333
vt 0.500000 0.566667
vt 0.500000 0.533333
vt 0.533333 0.533333
vt 0.500000 0.566667
vt 0.500000 0.566667
vt 0.533333 0.533333
vt 0.533333 0.566667
vt 0.533333 0.533333
vt 0.566667 0.533333
vt 0.533333 0.566667
vt 0.533333 0.566667
vt 0.566667 0.533333
vt 0.566667 0.566667
vt 0.566667 0.533333
vt 0.600000 0.533333
vt 0.566667 0.566667
vt 0.566667 0.566667
vt 0.600000 0.533333
vt 0.600000 0.566667
vt 0.600000 0.533333
vt 0.633333 0.533333
vt 0.600000 0.566667
vt 0.600000 0.566667
vt 0.633333 0.533333
vt 0.633333 0.566667
vt 0.633333 0.533333
vt 0.666667 0.533333
vt 0.633333 0.566667
vt 0.633333 0.566667
vt 0.666667 0.533333
vt 0.666667 0.566667
vt 0.666667 0.533333
vt 0.700000 0.533333
vt 0.666667 0.566667
vt 0.666667 0.566667
vt 0.700000 0.533333
vt 0.700000 0.566667
vt 0.700000 0.533333
vt 0.733334 0.533333
vt 0.700000 0.566667
vt 0.700000 0.566667
vt 0.733334 0.533333
vt 0.733334 0.566667
vt 0.733334 0.533333
vt 0.766667 0.533333
vt 0.733334 0.566667
vt 0.733334 0.566667
vt 0.766667 0.533333
vt 0.766667 0.566667
vt 0.766667 0.533333
vt 0.800000 0.533333
vt 0.766667 0.566667
vt 0.766667 0.566667
vt 0.800000 0.533333
vt 0.800000 0.566667
vt 0.800000 0.533333
vt 0.833334 0.533333
vt 0.800000 0.566667
vt 0.800000 0.566667
vt 0.833334 0.533333
vt 0.833334 0.566667
vt 0.833334 0.533333
vt 0.866667 0.533333
vt 0.833334 0.566667
vt 0.833334 0.566667
vt 0.866667 0.533333
vt 0.866667 0.566667
vt 0.866667 0.533333
vt 0.900000 0.533333
vt 0.866667 0.566667
vt 0.866667 0.566667
vt 0.900000 0.533333
vt 0.900000 0.566667
vt 0.900000 0.533333
vt 0.933334 0.533333
vt 0.900000 0.566667
vt 0.900000 0.566667
vt 0.933334 0.533333
vt 0.933334 0.566667
vt 0.933334 0.533333
vt 0.966667 0.533333
vt 0.933334 0.566667
vt 0.933334 0.566667
vt 0.966667 0.533333
vt 0.966667 0.566667
vt 0.966667 0.533333
vt 1.000000 0.533333
vt 0.966667 0.566667
vt 0.966667 0.566667
vt 1.000000 0.533333
vt 1.000000 0.566667
vt 0.000000 0.566667
vt 0.033333 0.566667
vt 0.000000 0.600000
vt 0.000000 0.600000
vt 0.033333 0.566667
vt 0.033333 0.600000
vt 0.033333 0.566667
vt 0.066667 0.566667
vt 0.033333 0.600000
vt 0.033333 0.600000
vt 0.066667 0.566667
vt 0.066667 0.600000
vt 0.066667 0.566667
vt 0.100000 0.566667
vt 0.066667 0.600000
vt 0.066667 0.600000
vt 0.100000 0.566667
vt 0.100000 0.600000
vt 0.100000 0.566667
vt 0.133333 0.566667
vt 0.100000 0.600000
vt 0.100000 0.600000
vt 0.133333 0.566667
vt 0.133333 0.600000
vt 0.133333 0.566667
vt 0.166667 0.566667
vt 0.133333 0.600000
vt 0.133333 0.600000
vt 0.166667 0.566667
vt 0.166667 0.600000
vt 0.166667 0.566667
vt 0.200000 0.566667
vt 0.166667 0.600000
vt 0.166667 0.600000
vt 0.200000 0.566667
vt 0.200000 0.600000
vt 0.200000 0.566667
vt 0.233333 0.566667
vt 0.200000 0.600000
vt 0.200000 0.600000
vt 0.233333 0.566667
vt 0.233333 0.600000
vt 0.233333 0.566667
vt 0.266667 0.566667
vt 0.233333 0.600000
vt 0.233333 0.600000
vt 0.266667 0.566667
vt 0.266667 0.600000
vt 0.266667 0.566667
vt 0.300000 0.566667
vt 0.266667 0.600000
vt 0.266667 0.600000
vt 0.300000 0.566667
vt 0.300000 0.600000
vt 0.300000 0.566667
vt 0.333333 0.566667
vt 0.300000 0.600000
vt 0.300000 0.600000
vt 0.333333 0.566667
vt 0.333333 0.600000
vt 0.333333 0.566667
vt 0.366667 0.566667
vt 0.333333 0.600000
vt 0.333333 0.600000
vt 0.366667 0.566667
vt 0.366667 0.600000
vt 0.366667 0.566667
vt 0.400000 0.566667
vt 0.366667 0.600000
vt 0.366667 0.600000
vt 0.400000 0.566667
vt 0.400000 0.600000
vt 0.400000 0.566667
vt 0.433333 0.566667
vt 0.400000 0.600000
vt 0.400000 0.600000
vt 0.433333 0.566667
vt 0.433333 0.600000
vt 0.433333 0.566667
vt 0.466667 0.566667
vt 0.433333 0.600000
vt 0.433333 0.600000
vt 0.466667 0.566667
vt 0.466667 0.600000
vt 0.466667 0.566667
vt 0.500000 0.566667
vt 0.466667 0.600000
vt 0.466667 0.600000
vt 0.500000 0.566667
vt 0.500000 0.600000
vt 0.500000 0.566667
vt 0.533333 0.566667
vt 0.500000 0.600000
vt 0.500000 0.600000
vt 0.533333 0.566667
vt 0.533333 0.600000
vt 0.533333 0.566667
vt 0.566667 0.566667
vt 0.533333 0.600000
vt 0.533333 0.600000
vt 0.566667 0.566667
vt 0.566667 0.600000
vt 0.566667 0.566667
vt 0.600000 0.566667
vt 0.566667 0.600000
vt 0.566667 0.600000
vt 0.600000 0.566667
vt 0.600000 0.600000
vt 0.600000 0.566667
vt 0.633333 0.566667
vt 0.600000 0.600000
vt 0.600000 0.600000
vt 0.633333 0.566667
vt 0.633333 0.600000
vt 0.633333 0.566667
vt 0.666667 0.566667
vt 0.633333 0.600000
vt 0.633333 0.600000
vt 0.666667 0.566667
vt 0.666667 0.600000
vt 0.666667 0.566667
vt 0.700000 0.566667
vt 0.666667 0.600000
vt 0.666667 0.600000
vt 0.700000 0.566667
vt 0.700000 0.600000
vt 0.700000 0.566667
vt 0.733334 0.566667
vt 0.700000 0.600000
vt 0.700000 0.600000
vt 0.733334 0.566667
vt 0.733334 0.600000
vt 0.733334 0.566667
vt 0.766667 0.566667
vt 0.733334 0.600000
vt 0.733334 0.600000
vt 0.766667 0.566667
vt 0.766667 0.600000
vt 0.766667 0.566667
vt 0.800000 0.566667
vt 0.766667 0.600000
vt 0.766667 0.600000
vt 0.800000 0.566667
vt 0.800000 0.600000
vt 0.800000 0.566667
vt 0.833334 0.566667
vt 0.800000 0.600000
vt 0.800000 0.600000
vt 0.833334 0.566667
vt 0.833334 0.600000
vt 0.833334 0.566667
vt 0.866667 0.566667
vt 0.833334 0.600000
vt 0.833334 0.600000
vt 0.866667 0.566667
vt 0.866667 0.600000
vt 0.866667 0.566667
vt 0.900000 0.566667
vt 0.866667 0.600000
vt 0.866667 0.600000
vt 0.900000 0.566667
vt 0.900000 0.600000
vt 0.900000 0.566667
vt 0.933334 0.566667
vt 0.900000 0.600000
vt 0.900000 0.600000
vt 0.933334 0.566667
vt 0.933334 0.600000
vt 0.933334 0.566667
vt 0.966667 0.566667
vt 0.933334 0.600000
vt 0.933334 0.600000
vt 0.966667 0.566667
vt 0.966667 0.600000
vt 0.966667 0.566667
vt 1.000000 0.566667
vt 0.966667 0.600000
vt 0.966667 0.600000
vt 1.000000 0.566667
vt 1.000000 0.600000
vt 0.000000 0.600000
vt 0.033333 0.600000
vt 0.000000 0.633333
vt 0.000000 0.633333
vt 0.033333 0.600000
vt 0.033333 0.633333
vt 0.033333 0.600000
vt 0.066667 0.600000
vt 0.033333 0.633333
vt 0.033333 0.633333
vt 0.066667 0.600000
vt 0.066667 0.633333
vt 0.066667 0.600000
vt 0.100000 0.600000
vt 0.066667 0.633333
vt 0.066667 0.633333
vt 0.100000 0.600000
vt 0.100000 0.633333
vt 0.100000 0.600000
vt 0.133333 0.600000
vt 0.100000 0.633333
vt 0.100000 0.633333
vt 0.133333 0.600000
vt 0.133333 0.633333
vt 0.133333 0.600000
vt 0.166667 0.600000
vt 0.133333 0.633333
vt 0.133333 0.633333
vt 0.166667 0.600000
vt 0.166667 0.633333
vt 0.166667 0.600000
vt 0.200000 0.600000
vt 0.166667 0.633333
vt 0.166667 0.633333
vt 0.200000 0.600000
vt 0.200000 0.633333
vt 0.200000 0.600000
vt 0.233333 0.600000
vt 0.200000 0.633333
vt 0.200000 0.633333
vt 0.233333 0.600000
vt 0.233333 0.633333
vt 0.233333 0.600000
vt 0.266667 0.600000
vt 0.233333 0.633333
vt 0.233333 0.633333
vt 0.266667 0.600000
vt 0.266667 0.633333
vt 0.266667 0.600000
vt 0.300000 0.600000
vt 0.266667 0.633333
vt 0.266667 0.633333
vt 0.300000 0.600000
vt 0.300000 0.633333
vt 0.300000 0.600000
vt 0.333333 0.600000
vt 0.300000 0.633333
vt 0.300000 0.633333
vt 0.333333 0.600000
vt 0.333333 0.633333
vt 0.333333 0.600000
vt 0.366667 0.600000
vt 0.333333 0.633333
vt 0.333333 0.633333
vt 0.366667 0.600000
vt 0.366667 0.633333
vt 0.366667 0.600000
vt 0.400000 0.600000
vt 0.366667 0.633333
vt 0.366667 0.633333
vt 0.400000 0.600000
vt 0.400000 0.633333
vt 0.400000 0.600000
vt 0.433333 0.600000
vt 0.400000 0.633333
vt 0.400000 0.633333
vt 0.433333 0.600000
vt 0.433333 0.633333
vt 0.433333 0.600000
vt 0.466667 0.600000
vt 0.433333 0.633333
vt 0.433333 0.633333
vt 0.466667 0.600000
vt 0.466667 0.633333
vt 0.466667 0.600000
vt 0.500000 0.600000
vt 0.466667 0.633333
vt 0.466667 0.633333
vt 0.500000 0.600000
vt 0.500000 0.633333
vt 0.500000 0.600000
vt 0.533333 0.600000
vt 0.500000 0.633333
vt 0.500000 0.633333
vt 0.533333 0.600000
vt 0.533333 0.633333
vt 0.533333 0.600000
vt 0.566667 0.600000
vt 0.533333 0.633333
vt 0.533333 0.633333
vt 0.566667 0.600000
vt 0.566667 0.633333
vt 0.566667 0.600000
vt 0.600000 0.600000
vt 0.566667 0.633333
vt 0.566667 0.633333
vt 0.600000 0.600000
vt 0.600000 0.633333
vt 0.600000 0.600000
vt 0.633333 0.600000
vt 0.600000 0.633333
vt 0.600000 0.633333
vt 0.633333 0.600000
vt 0.633333 0.633333
vt 0.633333 0.600000
vt 0.666667 0.600000
vt 0.633333 0.633333
vt 0.633333 0.633333
vt 0.666667 0.600000
vt 0.666667 0.633333
vt 0.666667 0.600000
vt 0.700000 0.600000
vt 0.666667 0.633333
vt 0.666667 0.633333
vt 0.700000 0.600000
vt 0.700000 0.633333
vt 0.700000 0.600000
vt 0.733334 0.600000
vt 0.700000 0.633333
vt 0.700000 0.633333
vt 0.733334 0.600000
vt 0.733334 0.633333
vt 0.733334 0.600000
vt 0.766667 0.600000
vt 0.733334 0.633333
vt 0.733334 0.633333
vt 0.766667 0.600000
vt 0.766667 0.633333
vt 0.766667 0.600000
vt 0.800000 0.600000
vt 0.766667 0.633333
vt 0.766667 0.633333
vt 0.800000 0.600000
vt 0.800000 0.633333
vt 0.800000 0.600000
vt 0.833334 0.600000
vt 0.800000 0.633333
vt 0.800000 0.633333
vt 0.833334 0.600000
vt 0.833334 0.633333
vt 0.833334 0.600000
vt 0.866667 0.600000
vt 0.833334 0.633333
vt 0.833334 0.633333
vt 0.866667 0.600000
vt 0.866667 0.633333
vt 0.866667 0.600000
vt 0.900000 0.600000
vt 0.866667 0.633333
vt 0.866667 0.633333
vt 0.900000 0.600000
vt 0.900000 0.633333
vt 0.900000 0.600000
vt 0.933334 0.600000
vt 0.900000 0.633333
vt 0.900000 0.633333
vt 0.933334 0.600000
vt 0.933334 0.633333
vt 0.933334 0.600000
vt 0.966667 0.600000
vt 0.933334 0.633333
vt 0.933334 0.633333
vt 0.966667 0.600000
vt 0.966667 0.633333
vt 0.966667 0.600000
vt 1.000000 0.600000
vt 0.966667 0.633333
vt 0.966667 0.633333
vt 1.000000 0.600000
vt 1.000000 0.633333
vt 0.000000 0.633333
vt 0.033333 0.633333
vt 0.000000 0.666667
vt 0.000000 0.666667
vt 0.033333 0.633333
vt 0.033333 0.666667
vt 0.033333 0.633333
vt 0.066667 0.633333
vt 0.033333 0.666667
vt 0.033333 0.666667
vt 0.066667 0.633333
vt 0.066667 0.666667
vt 0.066667 0.633333
vt 0.100000 0.633333
vt 0.066667 0.666667
vt 0.066667 0.666667
vt 0.100000 0.633333
vt 0.100000 0.666667
vt 0.100000 0.633333
vt 0.133333 0.633333
vt 0.100000 0.666667
vt 0.100000 0.666667
vt 0.133333 0.633333
vt 0.133333 0.666667
vt 0.133333 0.633333
vt 0.166667 0.633333
vt 0.133333 0.666667
vt 0.133333 0.666667
vt 0.166667 0.633333
vt 0.166667 0.666667
vt 0.166667 0.633333
vt 0.200000 0.633333
vt 0.166667 0.666667
vt 0.166667 0.666667
vt 0.200000 0.633333
vt 0.200000 0.666667
vt 0.200000 0.633333
vt 0.233333 0.633333
vt 0.200000 0.666667
vt 0.200000 0.666667
vt 0.233333 0.633333
vt 0.233333 0.666667
vt 0.233333 0.633333
vt 0.266667 0.633333
vt 0.233333 0.666667
vt 0.233333 0.666667
vt 0.266667 0.633333
vt 0.266667 0.666667
vt 0.266667 0.633333
vt 0.300000 0.633333
vt 0.266667 0.666667
vt 0.266667 0.666667
vt 0.300000 0.633333
vt 0.300000 0.666667
vt 0.300000 0.633333
vt 0.333333 0.633333
vt 0.300000 0.666667
vt 0.300000 0.666667
vt 0.333333 0.633333
vt 0.333333 0.666667
vt 0.333333 0.633333
vt 0.366667 0.633333
vt 0.333333 0.666667
vt 0.333333 0.666667
vt 0.366667 0.633333
vt 0.366667 0.666667
vt 0.366667 0.633333
vt 0.400000 0.633333
vt 0.366667 0.666667
vt 0.366667 0.666667
vt 0.400000 0.633333
vt 0.400000 0.666667
vt 0.400000 0.633333
vt 0.433333 0.633333
vt 0.400000 0.666667
vt 0.400000 0.666667
vt 0.433333 0.633333
vt 0.433333 0.666667
vt 0.433333 0.633333
vt 0.466667 0.633333
vt 0.433333 0.666667
vt 0.433333 0.666667
vt 0.466667 0.633333
vt 0.466667 0.666667
vt 0.466667 0.633333
vt 0.500000 0.633333
vt 0.466667 0.666667
vt 0.466667 0.666667
vt 0.500000 0.633333
vt 0.500000 0.666667
vt 0.500000 0.633333
vt 0.533333 0.633333
vt 0.500000 0.666667
vt 0.500000 0.666667
vt 0.533333 0.633333
vt 0.533333 0.666667
vt 0.533333 0.633333
vt 0.566667 0.633333
vt 0.533333 0.666667
vt 0.533333 0.666667
vt 0.566667 0.633333
vt 0.566667 0.666667
vt 0.566667 0.633333
vt 0.600000 0.633333
vt 0.566667 0.666667
vt 0.566667 0.666667
vt 0.600000 0.633333
vt 0.600000 0.666667
vt 0.600000 0.633333
vt 0.633333 0.633333
vt 0.600000 0.666667
vt 0.600000 0.666667
vt 0.633333 0.633333
vt 0.633333 0.666667
vt 0.633333 0.633333
vt 0.666667 0.633333
vt 0.633333 0.666667
vt 0.633333 0.666667
vt 0.666667 0.633333
vt 0.666667 0.666667
vt 0.666667 0.633333
vt 0.700000 0.633333
vt 0.666667 0.666667
vt 0.666667 0.666667
vt 0.700000 0.633333
vt 0.700000 0.666667
vt 0.700000 0.633333
vt 0.733334 0.633333
vt 0.700000 0.666667
vt 0.700000 0.666667
vt 0.733334 0.633333
vt 0.733334 0.666667
vt 0.733334 0.633333
vt 0.766667 0.633333
vt 0.733334 0.666667
vt 0.733334 0.666667
vt 0.766667 0.633333
vt 0.766667 0.666667
vt 0.766667 0.633333
vt 0.800000 0.633333
vt 0.766667 0.666667
vt 0.766667 0.666667
vt 0.800000 0.633333
vt 0.800000 0.666667
vt 0.800000 0.633333
vt 0.833334 0.633333
vt 0.800000 0.666667
vt 0.800000 0.666667
vt 0.833334 0.633333
vt 0.833334 0.666667
vt 0.833334 0.633333
vt 0.866667 0.633333
vt 0.833334 0.666667
vt 0.833334 0.666667
vt 0.866667 0.633333
vt 0.866667 0.666667
vt 0.866667 0.633333
vt 0.900000 0.633333
vt 0.866667 0.666667
vt 0.866667 0.666667
vt 0.900000 0.633333
vt 0.900000 0.666667
vt 0.900000 0.633333
vt 0.933334 0.633333
vt 0.900000 0.666667
vt 0.900000 0.666667
vt 0.933334 0.633333
vt 0.933334 0.666667
vt 0.933334 0.633333
vt 0.966667 0.633333
vt 0.933334 0.666667
vt 0.933334 0.666667
vt 0.966667 0.633333
vt 0.966667 0.666667
vt 0.966667 0.633333
vt 1.000000 0.633333
vt 0.966667 0.666667
vt 0.966667 0.666667
vt 1.000000 0.633333
vt 1.000000 0.666667
vt 0.000000 0.666667
vt 0.033333 0.666667
vt 0.000000 0.700000
vt 0.000000 0.700000
vt 0.033333 0.666667
vt 0.033333 0.700000
vt 0.033333 0.666667
vt 0.066667 0.666667
vt 0.033333 0.700000
vt 0.033333 0.700000
vt 0.066667 0.666667
vt 0.066667 0.700000
vt 0.066667 0.666667
vt 0.100000 0.666667
vt 0.066667 0.700000
vt 0.066667 0.700000
vt 0.100000 0.666667
vt 0.100000 0.700000
vt 0.100000 0.666667
vt 0.133333 0.666667
vt 0.100000 0.700000
vt 0.100000 0.700000
vt 0.133333 0.666667
vt 0.133333 0.700000
vt 0.133333 0.666667
vt 0.166667 0.666667
vt 0.133333 0.700000
vt 0.133333 0.700000
vt 0.166667 0.666667
vt 0.166667 0.700000
vt 0.166667 0.666667
vt 0.200000 0.666667
vt 0.166667 0.700000
vt 0.166667 0.700000
vt 0.200000 0.666667
vt 0.200000 0.700000
vt 0.200000 0.666667
vt 0.233333 0.666667
vt 0.200000 0.700000
vt 0.200000 0.700000
vt 0.233333 0.666667
vt 0.233333 0.700000
vt 0.233333 0.666667
vt 0.266667 0.666667
vt 0.233333 0.700000
vt 0.233333 0.700000
vt 0.266667 0.666667
vt 0.266667 0.700000
vt 0.266667 0.666667
vt 0.300000 0.666667
vt 0.266667 0.700000
vt 0.266667 0.700000
vt 0.300000 0.666667
vt 0.300000 0.700000
vt 0.300000 0.666667
vt 0.333333 0.666667
vt 0.300000 0.700000
vt 0.300000 0.700000
vt 0.333333 0.666667
vt 0.333333 0.700000
vt 0.333333 0.666667
vt 0.366667 0.666667
vt 0.333333 0.700000
vt 0.333333 0.700000
vt 0.366667 0.666667
vt 0.366667 0.700000
vt 0.366667 0.666667
vt 0.400000 0.666667
vt 0.366667 0.700000
vt 0.366667 0.700000
vt 0.400000 0.666667
vt 0.400000 0.700000
vt 0.400000 0.666667
vt 0.433333 0.666667
vt 0.400000 0.700000
vt 0.400000 0.700000
vt 0.433333 0.666667
vt 0.433333 0.700000
vt 0.433333 0.666667
vt 0.466667 0.666667
vt 0.433333 0.700000
vt 0.433333 0.700000
vt 0.466667 0.666667
vt 0.466667 0.700000
vt 0.466667 0.666667
vt 0.500000 0.666667
vt 0.466667 0.700000
vt 0.466667 0.700000
vt 0.500000 0.666667
vt 0.500000 0.700000
vt 0.500000 0.666667
vt 0.533333 0.666667
vt 0.500000 0.700000
vt 0.500000 0.700000
vt 0.533333 0.666667
vt 0.533333 0.700000
vt 0.533333 0.666667
vt 0.566667 0.666667
vt 0.533333 0.700000
vt 0.533333 0.700000
vt 0.566667 0.666667
vt 0.566667 0.700000
vt 0.566667 0.666667
vt 0.600000 0.666667
vt 0.566667 0.700000
vt 0.566667 0.700000
vt 0.600000 0.666667
vt 0.600000 0.700000
vt 0.600000 0.666667
vt 0.633333 0.666667
vt 0.600000 0.700000
vt 0.600000 0.700000
vt 0.633333 0.666667
vt 0.633333 0.700000
vt 0.633333 0.666667
vt 0.666667 0.666667
vt 0.633333 0.700000
vt 0.633333 0.700000
vt 0.666667 0.666667
vt 0.666667 0.700000
vt 0.666667 0.666667
vt 0.700000 0.666667
vt 0.666667 0.700000
vt 0.666667 0.700000
vt 0.700000 0.666667
vt 0.700000 0.700000
vt 0.700000 0.666667
vt 0.733334 0.666667
vt 0.700000 0.700000
vt 0.700000 0.700000
vt 0.733334 0.666667
vt 0.733334 0.700000
vt 0.733334 0.666667
vt 0.766667 0.666667
vt 0.733334 0.700000
vt 0.733334 0.700000
vt 0.766667 0.666667
vt 0.766667 0.700000
vt 0.766667 0.666667
vt 0.800000 0.666667
vt 0.766667 0.700000
vt 0.766667 0.700000
vt 0.800000 0.666667
vt 0.800000 0.700000
vt 0.800000 0.666667
vt 0.833334 0.666667
vt 0.800000 0.700000
vt 0.800000 0.700000
vt 0.833334 0.666667
vt 0.833334 0.700000
vt 0.833334 0.666667
vt 0.866667 0.666667
vt 0.833334 0.700000
vt 0.833334 0.700000
vt 0.866667 0.666667
vt 0.866667 0.700000
vt 0.866667 0.666667
vt 0.900000 0.666667
vt 0.866667 0.700000
vt 0.866667 0.700000
vt 0.900000 0.666667
vt 0.900000 0.700000
vt 0.900000 0.666667
vt 0.933334 0.666667
vt 0.900000 0.700000
vt 0.900000 0.700000
vt 0.933334 0.666667
vt 0.933334 0.700000
vt 0.933334 0.666667
vt 0.966667 0.666667
vt 0.933334 0.700000
vt 0.933334 0.700000
vt 0.966667 0.666667
vt 0.966667 0.700000
vt 0.966667 0.666667
vt 1.000000 0.666667
vt 0.966667 0.700000
vt 0.966667 0.700000
vt 1.000000 0.666667
vt 1.000000 0.700000
vt 0.000000 0.700000
vt 0.033333 0.700000
vt 0.000000 0.733334
vt 0.000000 0.733334
vt 0.033333 0.700000
vt 0.033333 0.733334
vt 0.033333 0.700000
vt 0.066667 0.700000
vt 0.033333 0.733334
vt 0.033333 0.733334
vt 0.066667 0.700000
vt 0.066667 0.733334
vt 0.066667 0.700000
vt 0.100000 0.700000
vt 0.066667 0.733334
vt 0.066667 0.733334
vt 0.100000 0.700000
vt 0.100000 0.733334
vt 0.100000 0.700000
vt 0.133333 0.700000
vt 0.100000 0.733334
vt 0.100000 0.733334
vt 0.133333 0.700000
vt 0.133333 0.733334
vt 0.133333 0.700000
vt 0.166667 0.700000
vt 0.133333 0.733334
vt 0.133333 0.733334
vt 0.166667 0.700000
vt 0.166667 0.733334
vt 0.166667 0.700000
vt 0.200000 0.700000
vt 0.166667 0.733334
vt 0.166667 0.733334
vt 0.200000 0.700000
vt 0.200000 0.733334
vt 0.200000 0.700000
vt 0.233333 0.700000
vt 0.200000 0.733334
vt 0.200000 0.733334
vt 0.233333 0.700000
vt 0.233333 0.733334
vt 0.233333 0.700000
vt 0.266667 0.700000
vt 0.233333 0.733334
vt 0.233333 0.733334
vt 0.266667 0.700000
vt 0.266667 0.733334
vt 0.266667 0.700000
vt 0.300000 0.700000
vt 0.266667 0.733334
vt 0.266667 0.733334
vt 0.300000 0.700000
vt 0.300000 0.733334
vt 0.300000 0.700000
vt 0.333333 0.700000
vt 0.300000 0.733334
vt 0.300000 0.733334
vt 0.333333 0.700000
vt 0.333333 0.733334
vt 0.333333 0.700000
vt 0.366667 0.700000
vt 0.333333 0.733334
vt 0.333333 0.733334
vt 0.366667 0.700000
vt 0.366667 0.733334
vt 0.366667 0.700000
vt 0.400000 0.700000
vt 0.366667 0.733334
vt 0.366667 0.733334
vt 0.400000 0.700000
vt 0.400000 0.733334
vt 0.400000 0.700000
vt 0.433333 0.700000
vt 0.400000 0.733334
vt 0.400000 0.733334
vt 0.433333 0.700000
vt 0.433333 0.733334
vt 0.433333 0.700000
vt 0.466667 0.700000
vt 0.433333 0.733334
vt 0.433333 0.733334
vt 0.466667 0.700000
vt 0.466667 0.733334
vt 0.466667 0.700000
vt 0.500000 0.700000
vt 0.466667 0.733334
vt 0.466667 0.733334
vt 0.500000 0.700000
vt 0.500000 0.733334
vt 0.500000 0.700000
vt 0.533333 0.700000
vt 0.500000 0.733334
vt 0.500000 0.733334
vt 0.533333 0.700000
vt 0.533333 0.733334
vt 0.533333 0.700000
vt 0.566667 0.700000
vt 0.533333 0.733334
vt 0.533333 0.733334
vt 0.566667 0.700000
vt 0.566667 0.733334
vt 0.566667 0.700000
vt 0.600000 0.700000
vt 0.566667 0.733334
vt 0.566667 0.733334
vt 0.600000 0.700000
vt 0.600000 0.733334
vt 0.600000 0.700000
vt 0.633333 0.700000
vt 0.600000 0.733334
vt 0.600000 0.733334
vt 0.633333 0.700000
vt 0.633333 0.733334
vt 0.633333 0.700000
vt 0.666667 0.700000
vt 0.633333 0.733334
vt 0.633333 0.733334
vt 0.666667 0.700000
vt 0.666667 0.733334
vt 0.666667 0.700000
vt 0.700000 0.700000
vt 0.666667 0.733334
vt 0.666667 0.733334
vt 0.700000 0.700000
vt 0.700000 0.733334
vt 0.700000 0.700000
vt 0.733334 0.700000
vt 0.700000 0.733334
vt 0.700000 0.733334
vt 0.733334 0.700000
vt 0.733334 0.733334
vt 0.733334 0.700000
vt 0.766667 0.700000
vt 0.733334 0.733334
vt 0.733334 0.733334
vt 0.766667 0.700000
vt 0.766667 0.733334
vt 0.766667 0.700000
vt 0.800000 0.700000
vt 0.766667 0.733334
vt 0.766667 0.733334
vt 0.800000 0.700000
vt 0.800000 0.733334
vt 0.800000 0.700000
vt 0.833334 0.700000
vt 0.800000 0.733334
vt 0.800000 0.733334
vt 0.833334 0.700000
vt 0.833334 0.733334
vt 0.833334 0.700000
vt 0.866667 0.700000
vt 0.833334 0.733334
vt 0.833334 0.733334
vt 0.866667 0.700000
vt 0.866667 0.733334
vt 0.866667 0.700000
vt 0.900000 0.700000
vt 0.866667 0.733334
vt 0.866667 0.733334
vt 0.900000 0.700000
vt 0.900000 0.733334
vt 0.900000 0.700000
vt 0.933334 0.700000
vt 0.900000 0.733334
vt 0.900000 0.733334
vt 0.933334 0.700000
vt 0.933334 0.733334
vt 0.933334 0.700000
vt 0.966667 0.700000
vt 0.933334 0.733334
vt 0.933334 0.733334
vt 0.966667 0.700000
vt 0.966667 0.733334
vt 0.966667 0.700000
vt 1.000000 0.700000
vt 0.966667 0.733334
vt 0.966667 0.733334
vt 1.000000 0.700000
vt 1.000000 0.733334
vt 0.000000 0.733334
vt 0.033333 0.733334
vt 0.000000 0.766667
vt 0.000000 0.766667
vt 0.033333 0.733334
vt 0.033333 0.766667
vt 0.033333 0.733334
vt 0.066667 0.733334
vt 0.033333 0.766667
vt 0.033333 0.766667
vt 0.066667 0.733334
vt 0.066667 0.766667
vt 0.066667 0.733334
vt 0.100000 0.733334
vt 0.066667 0.766667
vt 0.066667 0.766667
vt 0.100000 0.733334
vt 0.100000 0.766667
vt 0.100000 0.733334
vt 0.133333 0.733334
vt 0.100000 0.766667
vt 0.100000 0.766667
vt 0.133333 0.733334
vt 0.133333 0.766667
vt 0.133333 0.733334
vt 0.166667 0.733334
vt 0.133333 0.766667
vt 0.133333 0.766667
vt 0.166667 0.733334
vt 0.166667 0.766667
vt 0.166667 0.733334
vt 0.200000 0.733334
vt 0.166667 0.766667
vt 0.166667 0.766667
vt 0.200000 0.733334
vt 0.200000 0.766667
vt 0.200000 0.733334
vt 0.233333 0.733334
vt 0.200000 0.766667
vt 0.200000 0.766667
vt 0.233333 0.733334
vt 0.233333 0.766667
vt 0.233333 0.733334
vt 0.266667 0.733334
vt 0.233333 0.766667
vt 0.233333 0.766667
vt 0.266667 0.733334
vt 0.266667 0.766667
vt 0.266667 0.733334
vt 0.300000 0.733334
vt 0.266667 0.766667
vt 0.266667 0.766667
vt 0.300000 0.733334
vt 0.300000 0.766667
vt 0.300000 0.733334
vt 0.333333 0.733334
vt 0.300000 0.766667
vt 0.300000 0.766667
vt 0.333333 0.733334
vt 0.333333 0.766667
vt 0.333333 0.733334
vt 0.366667 0.733334
vt 0.333333 0.766667
vt 0.333333 0.766667
vt 0.366667 0.733334
vt 0.366667 0.766667
vt 0.366667 0.733334
vt 0.400000 0.733334
vt 0.366667 0.766667
vt 0.366667 0.766667
vt 0.400000 0.733334
vt 0.400000 0.766667
vt 0.400000 0.733334
vt 0.433333 0.733334
vt 0.400000 0.766667
vt 0.400000 0.766667
vt 0.433333 0.733334
vt 0.433333 0.766667
vt 0.433333 0.733334
vt 0.466667 0.733334
vt 0.433333 0.766667
vt 0.433333 0.766667
vt 0.466667 0.733334
vt 0.466667 0.766667
vt 0.466667 0.733334
vt 0.500000 0.733334
vt 0.466667 0.766667
vt 0.466667 0.766667
vt 0.500000 0.733334
vt 0.500000 0.766667
vt 0.500000 0.733334
vt 0.533333 0.733334
vt 0.500000 0.766667
vt 0.500000 0.766667
vt 0.533333 0.733334
vt 0.533333 0.766667
vt 0.533333 0.733334
vt 0.566667 0.733334
vt 0.533333 0.766667
vt 0.533333 0.766667
vt 0.566667 0.733334
vt 0.566667 0.766667
vt 0.566667 0.733334
vt 0.600000 0.733334
vt 0.566667 0.766667
vt 0.566667 0.766667
vt 0.600000 0.733334
vt 0.600000 0.766667
vt 0.600000 0.733334
vt 0.633333 0.733334
vt 0.600000 0.766667
vt 0.600000 0.766667
vt 0.633333 0.733334
vt 0.633333 0.766667
vt 0.633333 0.733334
vt 0.666667 0.733334
vt 0.633333 0.766667
vt 0.633333 0.766667
vt 0.666667 0.733334
vt 0.666667 0.766667
vt 0.666667 0.733334
vt 0.700000 0.733334
vt 0.666667 0.766667
vt 0.666667 0.766667
vt 0.700000 0.733334
vt 0.700000 0.766667
vt 0.700000 0.733334
vt 0.733334 0.733334
vt 0.700000 0.766667
vt 0.700000 0.766667
vt 0.733334 0.733334
vt 0.733334 0.766667
vt 0.733334 0.733334
vt 0.766667 0.733334
vt 0.733334 0.766667
vt 0.733334 0.766667
vt 0.766667 0.733334
vt 0.766667 0.766667
vt 0.766667 0.733334
vt 0.800000 0.733334
vt 0.766667 0.766667
vt 0.766667 0.766667
vt 0.800000 0.733334
vt 0.800000 0.766667
vt 0.800000 0.733334
vt 0.833334 0.733334
vt 0.800000 0.766667
vt 0.800000 0.766667
vt 0.833334 0.733334
vt 0.833334 0.766667
vt 0.833334 0.733334
vt 0.866667 0.733334
vt 0.833334 0.766667
vt 0.833334 0.766667
vt 0.866667 0.733334
vt 0.866667 0.766667
vt 0.866667 0.733334
vt 0.900000 0.733334
vt 0.866667 0.766667
vt 0.866667 0.766667
vt 0.900000 0.733334
vt 0.900000 0.766667
vt 0.900000 0.733334
vt 0.933334 0.733334
vt 0.900000 0.766667
vt 0.900000 0.766667
vt 0.933334 0.733334
vt 0.933334 0.766667
vt 0.933334 0.733334
vt 0.966667 0.733334
vt 0.933334 0.766667
vt 0.933334 0.766667
vt 0.966667 0.733334
vt 0.966667 0.766667
vt 0.966667 0.733334
vt 1.000000 0.733334
vt 0.966667 0.766667
vt 0.966667 0.766667
vt 1.000000 0.733334
vt 1.000000 0.766667
vt 0.000000 0.766667
vt 0.033333 0.766667
vt 0.000000 0.800000
vt 0.000000 0.800000
vt 0.033333 0.766667
vt 0.033333 0.800000
vt 0.033333 0.766667
vt 0.066667 0.766667
vt 0.033333 0.800000
vt 0.033333 0.800000
vt 0.066667 0.766667
vt 0.066667 0.800000
vt 0.066667 0.766667
vt 0.100000 0.766667
vt 0.066667 0.800000
vt 0.066667 0.800000
vt 0.100000 0.766667
vt 0.100000 0.800000
vt 0.100000 0.766667
vt 0.133333 0.766667
vt 0.100000 0.800000
vt 0.100000 0.800000
vt 0.133333 0.766667
vt 0.133333 0.800000
vt 0.133333 0.766667
vt 0.166667 0.766667
vt 0.133333 0.800000
vt 0.133333 0.800000
vt 0.166667 0.766667
vt 0.166667 0.800000
vt 0.166667 0.766667
vt 0.200000 0.766667
vt 0.166667 0.800000
vt 0.166667 0.800000
vt 0.200000 0.766667
vt 0.200000 0.800000
vt 0.200000 0.766667
vt 0.233333 0.766667
vt 0.200000 0.800000
vt 0.200000 0.800000
vt 0.233333 0.766667
vt 0.233333 0.800000
vt 0.233333 0.766667
vt 0.266667 0.766667
vt 0.233333 0.800000
vt 0.233333 0.800000
vt 0.266667 0.766667
vt 0.266667 0.800000
vt 0.266667 0.766667
vt 0.300000 0.766667
vt 0.266667 0.800000
vt 0.266667 0.800000
vt 0.300000 0.766667
vt 0.300000 0.800000
vt 0.300000 0.766667
vt 0.333333 0.766667
vt 0.300000 0.800000
vt 0.300000 0.800000
vt 0.333333 0.766667
vt 0.333333 0.800000
vt 0.333333 0.766667
vt 0.366667 0.766667
vt 0.333333 0.800000
vt 0.333333 0.800000
vt 0.366667 0.766667
vt 0.366667 0.800000
vt 0.366667 0.766667
vt 0.400000 0.766667
vt 0.366667 0.800000
vt 0.366667 0.800000
vt 0.400000 0.766667
vt 0.400000 0.800000
vt 0.400000 0.766667
vt 0.433333 0.766667
vt 0.400000 0.800000
vt 0.400000 0.800000
vt 0.433333 0.766667
vt 0.433333 0.800000
vt 0.433333 0.766667
vt 0.466667 0.766667
vt 0.433333 0.800000
vt 0.433333 0.800000
vt 0.466667 0.766667
vt 0.466667 0.800000
vt 0.466667 0.766667
vt 0.500000 0.766667
vt 0.466667 0.800000
vt 0.466667 0.800000
vt 0.500000 0.766667
vt 0.500000 0.800000
vt 0.500000 0.766667
vt 0.533333 0.766667
vt 0.500000 0.800000
vt 0.500000 0.800000
vt 0.533333 0.766667
vt 0.533333 0.800000
vt 0.533333 0.766667
vt 0.566667 0.766667
vt 0.533333 0.800000
vt 0.533333 0.800000
vt 0.566667 0.766667
vt 0.566667 0.800000
vt 0.566667 0.766667
vt 0.600000 0.766667
vt 0.566667 0.800000
vt 0.566667 0.800000
vt 0.600000 0.766667
vt 0.600000 0.800000
vt 0.600000 0.766667
vt 0.633333 0.766667
vt 0.600000 0.800000
vt 0.600000 0.800000
vt 0.633333 0.766667
vt 0.633333 0.800000
vt 0.633333 0.766667
vt 0.666667 0.766667
vt 0.633333 0.800000
vt 0.633333 0.800000
vt 0.666667 0.766667
vt 0.666667 0.800000
vt 0.666667 0.766667
vt 0.700000 0.766667
vt 0.666667 0.800000
vt 0.666667 0.800000
vt 0.700000 0.766667
vt 0.700000 0.800000
vt 0.700000 0.766667
vt 0.733334 0.766667
vt 0.700000 0.800000
vt 0.700000 0.800000
vt 0.733334 0.766667
vt 0.733334 0.800000
vt 0.733334 0.766667
vt 0.766667 0.766667
vt 0.733334 0.800000
vt 0.733334 0.800000
vt 0.766667 0.766667
vt 0.766667 0.800000
vt 0.766667 0.766667
vt 0.800000 0.766667
vt 0.766667 0.800000
vt 0.766667 0.800000
vt 0.800000 0.766667
vt 0.800000 0.800000
vt 0.800000 0.766667
vt 0.833334 0.766667
vt 0.800000 0.800000
vt 0.800000 0.800000
vt 0.833334 0.766667
vt 0.833334 0.800000
vt 0.833334 0.766667
vt 0.866667 0.766667
vt 0.833334 0.800000
vt 0.833334 0.800000
vt 0.866667 0.766667
vt 0.866667 0.800000
vt 0.866667 0.766667
vt 0.900000 0.766667
vt 0.866667 0.800000
vt 0.866667 0.800000
vt 0.900000 0.766667
vt 0.900000 0.800000
vt 0.900000 0.766667
vt 0.933334 0.766667
vt 0.900000 0.800000
vt 0.900000 0.800000
vt 0.933334 0.766667
vt 0.933334 0.800000
vt 0.933334 0.766667
vt 0.966667 0.766667
vt 0.933334 0.800000
vt 0.933334 0.800000
vt 0.966667 0.766667
vt 0.966667 0.800000
vt 0.966667 0.766667
vt 1.000000 0.766667
vt 0.966667 0.800000
vt 0.966667 0.800000
vt 1.000000 0.766667
vt 1.000000 0.800000
vt 0.000000 0.800000
vt 0.033333 0.800000
vt 0.000000 0.833334
vt 0.000000 0.833334
vt 0.033333 0.800000
vt 0.033333 0.833334
vt 0.033333 0.800000
vt 0.066667 0.800000
vt 0.033333 0.833334
vt 0.033333 0.833334
vt 0.066667 0.800000
vt 0.066667 0.833334
vt 0.066667 0.800000
vt 0.100000 0.800000
vt 0.066667 0.833334
vt 0.066667 0.833334
vt 0.100000 0.800000
vt 0.100000 0.833334
vt 0.100000 0.800000
vt 0.133333 0.800000
vt 0.100000 0.833334
vt 0.100000 0.833334
vt 0.133333 0.800000
vt 0.133333 0.833334
vt 0.133333 0.800000
vt 0.166667 0.800000
vt 0.133333 0.833334
vt 0.133333 0.833334
vt 0.166667 0.800000
vt 0.166667 0.833334
vt 0.166667 0.800000
vt 0.200000 0.800000
vt 0.166667 0.833334
vt 0.166667 0.833334
vt 0.200000 0.800000
vt 0.200000 0.833334
vt 0.200000 0.800000
vt 0.233333 0.800000
vt 0.200000 0.833334
vt 0.200000 0.833334
vt 0.233333 0.800000
vt 0.233333 0.833334
vt 0.233333 0.800000
vt 0.266667 0.800000
vt 0.233333 0.833334
vt 0.233333 0.833334
vt 0.266667 0.800000
vt 0.266667 0.833334
vt 0.266667 0.800000
vt 0.300000 0.800000
vt 0.266667 0.833334
vt 0.266667 0.833334
vt 0.300000 0.800000
vt 0.300000 0.833334
vt 0.300000 0.800000
vt 0.333333 0.800000
vt 0.300000 0.833334
vt 0.300000 0.833334
vt 0.333333 0.800000
vt 0.333333 0.833334
vt 0.333333 0.800000
vt 0.366667 0.800000
vt 0.333333 0.833334
vt 0.333333 0.833334
vt 0.366667 0.800000
vt 0.366667 0.833334
vt 0.366667 0.800000
vt 0.400000 0.800000
vt 0.366667 0.833334
vt 0.366667 0.833334
vt 0.400000 0.800000
vt 0.400000 0.833334
vt 0.400000 0.800000
vt 0.433333 0.800000
vt 0.400000 0.833334
vt 0.400000 0.833334
vt 0.433333 0.800000
vt 0.433333 0.833334
vt 0.433333 0.800000
vt 0.466667 0.800000
vt 0.433333 0.833334
vt 0.433333 0.833334
vt 0.466667 0.800000
vt 0.466667 0.833334
vt 0.466667 0.800000
vt 0.500000 0.800000
vt 0.466667 0.833334
vt 0.466667 0.833334
vt 0.500000 0.800000
vt 0.500000 0.833334
vt 0.500000 0.800000
vt 0.533333 0.800000
vt 0.500000 0.833334
vt 0.500000 0.833334
vt 0.533333 0.800000
vt 0.533333 0.833334
vt 0.533333 0.800000
vt 0.566667 0.800000
vt 0.533333 0.833334
vt 0.533333 0.833334
vt 0.566667 0.800000
vt 0.566667 0.833334
vt 0.566667 0.800000
vt 0.600000 0.800000
vt 0.566667 0.833334
vt 0.566667 0.833334
vt 0.600000 0.800000
vt 0.600000 0.833334
vt 0.600000 0.800000
vt 0.633333 0.800000
vt 0.600000 0.833334
vt 0.600000 0.833334
vt 0.633333 0.800000
vt 0.633333 0.833334
vt 0.633333 0.800000
vt 0.666667 0.800000
vt 0.633333 0.833334
vt 0.633333 0.833334
vt 0.666667 0.800000
vt 0.666667 0.833334
vt 0.666667 0.800000
vt 0.700000 0.800000
vt 0.666667 0.833334
vt 0.666667 0.833334
vt 0.700000 0.800000
vt 0.700000 0.833334
vt 0.700000 0.800000
vt 0.733334 0.800000
vt 0.700000 0.833334
vt 0.700000 0.833334
vt 0.733334 0.800000
vt 0.733334 0.833334
vt 0.733334 0.800000
vt 0.766667 0.800000
vt 0.733334 0.833334
vt 0.733334 0.833334
vt 0.766667 0.800000
vt 0.766667 0.833334
vt 0.766667 0.800000
vt 0.800000 0.800000
vt 0.766667 0.833334
vt 0.766667 0.833334
vt 0.800000 0.800000
vt 0.800000 0.833334
vt 0.800000 0.800000
vt 0.833334 0.800000
vt 0.800000 0.833334
vt 0.800000 0.833334
vt 0.833334 0.800000
vt 0.833334 0.833334
vt 0.833334 0.800000
vt 0.866667 0.800000
vt 0.833334 0.833334
vt 0.833334 0.833334
vt 0.866667 0.800000
vt 0.866667 0.833334
vt 0.866667 0.800000
vt 0.900000 0.800000
vt 0.866667 0.833334
vt 0.866667 0.833334
vt 0.900000 0.800000
vt 0.900000 0.833334
vt 0.900000 0.800000
vt 0.933334 0.800000
vt 0.900000 0.833334
vt 0.900000 0.833334
vt 0.933334 0.800000
vt 0.933334 0.833334
vt 0.933334 0.800000
vt 0.966667 0.800000
vt 0.933334 0.833334
vt 0.933334 0.833334
vt 0.966667 0.800000
vt 0.966667 0.833334
vt 0.966667 0.800000
vt 1.000000 0.800000
vt 0.966667 0.833334
vt 0.966667 0.833334
vt 1.000000 0.800000
vt 1.000000 0.833334
vt 0.000000 0.833334
vt 0.033333 0.833334
vt 0.000000 0.866667
vt 0.000000 0.866667
vt 0.033333 0.833334
vt 0.033333 0.866667
vt 0.033333 0.833334
vt 0.066667 0.833334
vt 0.033333 0.866667
vt 0.033333 0.866667
vt 0.066667 0.833334
vt 0.066667 0.866667
vt 0.066667 0.833334
vt 0.100000 0.833334
vt 0.066667 0.866667
vt 0.066667 0.866667
vt 0.100000 0.833334
vt 0.100000 0.866667
vt 0.100000 0.833334
vt 0.133333 0.833334
vt 0.100000 0.866667
vt 0.100000 0.866667
vt 0.133333 0.833334
vt 0.133333 0.866667
vt 0.133333 0.833334
vt 0.166667 0.833334
vt 0.133333 0.866667
vt 0.133333 0.866667
vt 0.166667 0.833334
vt 0.166667 0.866667
vt 0.166667 0.833334
vt 0.200000 0.833334
vt 0.166667 0.866667
vt 0.166667 0.866667
vt 0.200000 0.833334
vt 0.200000 0.866667
vt 0.200000 0.833334
vt 0.233333 0.833334
vt 0.200000 0.866667
vt 0.200000 0.866667
vt 0.233333 0.833334
vt 0.233333 0.866667
vt 0.233333 0.833334
vt 0.266667 0.833334
vt 0.233333 0.866667
vt 0.233333 0.866667
vt 0.266667 0.833334
vt 0.266667 0.866667
vt 0.266667 0.833334
vt 0.300000 0.833334
vt 0.266667 0.866667
vt 0.266667 0.866667
vt 0.300000 0.833334
vt 0.300000 0.866667
vt 0.300000 0.833334
vt 0.333333 0.833334
vt 0.300000 0.866667
vt 0.300000 0.866667
vt 0.333333 0.833334
vt 0.333333 0.866667
vt 0.333333 0.833334
vt 0.366667 0.833334
vt 0.333333 0.866667
vt 0.333333 0.866667
vt 0.366667 0.833334
vt 0.366667 0.866667
vt 0.366667 0.833334
vt 0.400000 0.833334
vt 0.366667 0.866667
vt 0.366667 0.866667
vt 0.400000 0.833334
vt 0.400000 0.866667
vt 0.400000 0.833334
vt 0.433333 0.833334
vt 0.400000 0.866667
vt 0.400000 0.866667
vt 0.433333 0.833334
vt 0.433333 0.866667
vt 0.433333 0.833334
vt 0.466667 0.833334
vt 0.433333 0.866667
vt 0.433333 0.866667
vt 0.466667 0.833334
vt 0.466667 0.866667
vt 0.466667 0.833334
vt 0.500000 0.833334
vt 0.466667 0.866667
vt 0.466667 0.866667
vt 0.500000 0.833334
vt 0.500000 0.866667
vt 0.500000 0.833334
vt 0.533333 0.833334
vt 0.500000 0.866667
vt 0.500000 0.866667
vt 0.533333 0.833334
vt 0.533333 0.866667
vt 0.533333 0.833334
vt 0.566667 0.833334
vt 0.533333 0.866667
vt 0.533333 0.866667
vt 0.566667 0.833334
vt 0.566667 0.866667
vt 0.566667 0.833334
vt 0.600000 0.833334
vt 0.566667 0.866667
vt 0.566667 0.866667
vt 0.600000 0.833334
vt 0.600000 0.866667
vt 0.600000 0.833334
vt 0.633333 0.833334
vt 0.600000 0.866667
vt 0.600000 0.866667
vt 0.633333 0.833334
vt 0.633333 0.866667
vt 0.633333 0.833334
vt 0.666667 0.833334
vt 0.633333 0.866667
vt 0.633333 0.866667
vt 0.666667 0.833334
vt 0.666667 0.866667
vt 0.666667 0.833334
vt 0.700000 0.833334
vt 0.666667 0.866667
vt 0.666667 0.866667
vt 0.700000 0.833334
vt 0.700000 0.866667
vt 0.700000 0.833334
vt 0.733334 0.833334
vt 0.700000 0.866667
vt 0.700000 0.866667
vt 0.733334 0.833334
vt 0.733334 0.866667
vt 0.733334 0.833334
vt 0.766667 0.833334
vt 0.733334 0.866667
vt 0.733334 0.866667
vt 0.766667 0.833334
vt 0.766667 0.866667
vt 0.766667 0.833334
vt 0.800000 0.833334
vt 0.766667 0.866667
vt 0.766667 0.866667
vt 0.800000 0.833334
vt 0.800000 0.866667
vt 0.800000 0.833334
vt 0.833334 0.833334
vt 0.800000 0.866667
vt 0.800000 0.866667
vt 0.833334 0.833334
vt 0.833334 0.866667
vt 0.833334 0.833334
vt 0.866667 0.833334
vt 0.833334 0.866667
vt 0.833334 0.866667
vt 0.866667 0.833334
vt 0.866667 0.866667
vt 0.866667 0.833334
vt 0.900000 0.833334
vt 0.866667 0.866667
vt 0.866667 0.866667
vt 0.900000 0.833334
vt 0.900000 0.866667
vt 0.900000 0.833334
vt 0.933334 0.833334
vt 0.900000 0.866667
vt 0.900000 0.866667
vt 0.933334 0.833334
vt 0.933334 0.866667
vt 0.933334 0.833334
vt 0.966667 0.833334
vt 0.933334 0.866667
vt 0.933334 0.866667
vt 0.966667 0.833334
vt 0.966667 0.866667
vt 0.966667 0.833334
vt 1.000000 0.833334
vt 0.966667 0.866667
vt 0.966667 0.866667
vt 1.000000 0.833334
vt 1.000000 0.866667
vt 0.000000 0.866667
vt 0.033333 0.866667
vt 0.000000 0.900000
vt 0.000000 0.900000
vt 0.033333 0.866667
vt 0.033333 0.900000
vt 0.033333 0.866667
vt 0.066667 0.866667
vt 0.033333 0.900000
vt 0.033333 0.900000
vt 0.066667 0.866667
vt 0.066667 0.900000
vt 0.066667 0.866667
vt 0.100000 0.866667
vt 0.066667 0.900000
vt 0.066667 0.900000
vt 0.100000 0.866667
vt 0.100000 0.900000
vt 0.100000 0.866667
vt 0.133333 0.866667
vt 0.100000 0.900000
vt 0.100000 0.900000
vt 0.133333 0.866667
vt 0.133333 0.900000
vt 0.133333 0.866667
vt 0.166667 0.866667
vt 0.133333 0.900000
vt 0.133333 0.900000
vt 0.166667 0.866667
vt 0.166667 0.900000
vt 0.166667 0.866667
vt 0.200000 0.866667
vt 0.166667 0.900000
vt 0.166667 0.900000
vt 0.200000 0.866667
vt 0.200000 0.900000
vt 0.200000 0.866667
vt 0.233333 0.866667
vt 0.200000 0.900000
vt 0.200000 0.900000
vt 0.233333 0.866667
vt 0.233333 0.900000
vt 0.233333 0.866667
vt 0.266667 0.866667
vt 0.233333 0.900000
vt 0.233333 0.900000
vt 0.266667 0.866667
vt 0.266667 0.900000
vt 0.266667 0.866667
vt 0.300000 0.866667
vt 0.266667 0.900000
vt 0.266667 0.900000
vt 0.300000 0.866667
vt 0.300000 0.900000
vt 0.300000 0.866667
vt 0.333333 0.866667
vt 0.300000 0.900000
vt 0.300000 0.900000
vt 0.333333 0.866667
vt 0.333333 0.900000
vt 0.333333 0.866667
vt 0.366667 0.866667
vt 0.333333 0.900000
vt 0.333333 0.900000
vt 0.366667 0.866667
vt 0.366667 0.900000
vt 0.366667 0.866667
vt 0.400000 0.866667
vt 0.366667 0.900000
vt 0.366667 0.900000
vt 0.400000 0.866667
vt 0.400000 0.900000
vt 0.400000 0.866667
vt 0.433333 0.866667
vt 0.400000 0.900000
vt 0.400000 0.900000
vt 0.433333 0.866667
vt 0.433333 0.900000
vt 0.433333 0.866667
vt 0.466667 0.866667
vt 0.433333 0.900000
vt 0.433333 0.900000
vt 0.466667 0.866667
vt 0.466667 0.900000
vt 0.466667 0.866667
vt 0.500000 0.866667
vt 0.466667 0.900000
vt 0.466667 0.900000
vt 0.500000 0.866667
vt 0.500000 0.900000
vt 0.500000 0.866667
vt 0.533333 0.866667
vt 0.500000 0.900000
vt 0.500000 0.900000
vt 0.533333 0.866667
vt 0.533333 0.900000
vt 0.533333 0.866667
vt 0.566667 0.866667
vt 0.533333 0.900000
vt 0.533333 0.900000
vt 0.566667 0.866667
vt 0.566667 0.900000
vt 0.566667 0.866667
vt 0.600000 0.866667
vt 0.566667 0.900000
vt 0.566667 0.900000
vt 0.600000 0.866667
vt 0.600000 0.900000
vt 0.600000 0.866667
vt 0.633333 0.866667
vt 0.600000 0.900000
vt 0.600000 0.900000
vt 0.633333 0.866667
vt 0.633333 0.900000
vt 0.633333 0.866667
vt 0.666667 0.866667
vt 0.633333 0.900000
vt 0.633333 0.900000
vt 0.666667 0.866667
vt 0.666667 0.900000
vt 0.666667 0.866667
vt 0.700000 0.866667
vt 0.666667 0.900000
vt 0.666667 0.900000
vt 0.700000 0.866667
vt 0.700000 0.900000
vt 0.700000 0.866667
vt 0.733334 0.866667
vt 0.700000 0.900000
vt 0.700000 0.900000
vt 0.733334 0.866667
vt 0.733334 0.900000
vt 0.733334 0.866667
vt 0.766667 0.866667
vt 0.733334 0.900000
vt 0.733334 0.900000
vt 0.766667 0.866667
vt 0.766667 0.900000
vt 0.766667 0.866667
vt 0.800000 0.866667
vt 0.766667 0.900000
vt 0.766667 0.900000
vt 0.800000 0.866667
vt 0.800000 0.900000
vt 0.800000 0.866667
vt 0.833334 0.866667
vt 0.800000 0.900000
vt 0.800000 0.900000
vt 0.833334 0.866667
vt 0.833334 0.900000
vt 0.833334 0.866667
vt 0.866667 0.866667
vt 0.833334 0.900000
vt 0.833334 0.900000
vt 0.866667 0.866667
vt 0.866667 0.900000
vt 0.866667 0.866667
vt 0.900000 0.866667
vt 0.866667 0.900000
vt 0.866667 0.900000
vt 0.900000 0.866667
vt 0.900000 0.900000
vt 0.900000 0.866667
vt 0.933334 0.866667
vt 0.900000 0.900000
vt 0.900000 0.900000
vt 0.933334 0.866667
vt 0.933334 0.900000
vt 0.933334 0.866667
vt 0.966667 0.866667
vt 0.933334 0.900000
vt 0.933334 0.900000
vt 0.966667 0.866667
vt 0.966667 0.900000
vt 0.966667 0.866667
vt 1.000000 0.866667
vt 0.966667 0.900000
vt 0.966667 0.900000
vt 1.000000 0.866667
vt 1.000000 0.900000
vt 0.000000 0.900000
vt 0.033333 0.900000
vt 0.000000 0.933334
vt 0.000000 0.933334
vt 0.033333 0.900000
vt 0.033333 0.933334
vt 0.033333 0.900000
vt 0.066667 0.900000
vt 0.033333 0.933334
vt 0.033333 0.933334
vt 0.066667 0.900000
vt 0.066667 0.933334
vt 0.066667 0.900000
vt 0.100000 0.900000
vt 0.066667 0.933334
vt 0.066667 0.933334
vt 0.100000 0.900000
vt 0.100000 0.933334
vt 0.100000 0.900000
vt 0.133333 0.900000
vt 0.100000 0.933334
vt 0.100000 0.933334
vt 0.133333 0.900000
vt 0.133333 0.933334
vt 0.133333 0.900000
vt 0.166667 0.900000
vt 0.133333 0.933334
vt 0.133333 0.933334
vt 0.166667 0.900000
vt 0.166667 0.933334
vt 0.166667 0.900000
vt 0.200000 0.900000
vt 0.166667 0.933334
vt 0.166667 0.933334
vt 0.200000 0.900000
vt 0.200000 0.933334
vt 0.200000 0.900000
vt 0.233333 0.900000
vt 0.200000 0.933334
vt 0.200000 0.933334
vt 0.233333 0.900000
vt 0.233333 0.933334
vt 0.233333 0.900000
vt 0.266667 0.900000
vt 0.233333 0.933334
vt 0.233333 0.933334
vt 0.266667 0.900000
vt 0.266667 0.933334
vt 0.266667 0.900000
vt 0.300000 0.900000
vt 0.266667 0.933334
vt 0.266667 0.933334
vt 0.300000 0.900000
vt 0.300000 0.933334
vt 0.300000 0.900000
vt 0.333333 0.900000
vt 0.300000 0.933334
vt 0.300000 0.933334
vt 0.333333 0.900000
vt 0.333333 0.933334
vt 0.333333 0.900000
vt 0.366667 0.900000
vt 0.333333 0.933334
vt 0.333333 0.933334
vt 0.366667 0.900000
vt 0.366667 0.933334
vt 0.366667 0.900000
vt 0.400000 0.900000
vt 0.366667 0.933334
vt 0.366667 0.933334
vt 0.400000 0.900000
vt 0.400000 0.933334
vt 0.400000 0.900000
vt 0.433333 0.900000
vt 0.400000 0.933334
vt 0.400000 0.933334
vt 0.433333 0.900000
vt 0.433333 0.933334
vt 0.433333 0.900000
vt 0.466667 0.900000
vt 0.433333 0.933334
vt 0.433333 0.933334
vt 0.466667 0.900000
vt 0.466667 0.933334
vt 0.466667 0.900000
vt 0.500000 0.900000
vt 0.466667 0.933334
vt 0.466667 0.933334
vt 0.500000 0.900000
vt 0.500000 0.933334
vt 0.500000 0.900000
vt 0.533333 0.900000
vt 0.500000 0.933334
vt 0.500000 0.933334
vt 0.533333 0.900000
vt 0.533333 0.933334
vt 0.533333 0.900000
vt 0.566667 0.900000
vt 0.533333 0.933334
vt 0.533333 0.933334
vt 0.566667 0.900000
vt 0.566667 0.933334
vt 0.566667 0.900000
vt 0.600000 0.900000
vt 0.566667 0.933334
vt 0.566667 0.933334
vt 0.600000 0.900000
vt 0.600000 0.933334
vt 0.600000 0.900000
vt 0.633333 0.900000
vt 0.600000 0.933334
vt 0.600000 0.933334
vt 0.633333 0.900000
vt 0.633333 0.933334
vt 0.633333 0.900000
vt 0.666667 0.900000
vt 0.633333 0.933334
vt 0.633333 0.933334
vt 0.666667 0.900000
vt 0.666667 0.933334
vt 0.666667 0.900000
vt 0.700000 0.900000
vt 0.666667 0.933334
vt 0.666667 0.933334
vt 0.700000 0.900000
vt 0.700000 0.933334
vt 0.700000 0.900000
vt 0.733334 0.900000
vt 0.700000 0.933334
vt 0.700000 0.933334
vt 0.733334 0.900000
vt 0.733334 0.933334
vt 0.733334 0.900000
vt 0.766667 0.900000
vt 0.733334 0.933334
vt 0.733334 0.933334
vt 0.766667 0.900000
vt 0.766667 0.933334
vt 0.766667 0.900000
vt 0.800000 0.900000
vt 0.766667 0.933334
vt 0.766667 0.933334
vt 0.800000 0.900000
vt 0.800000 0.933334
vt 0.800000 0.900000
vt 0.833334 0.900000
vt 0.800000 0.933334
vt 0.800000 0.933334
vt 0.833334 0.900000
vt 0.833334 0.933334
vt 0.833334 0.900000
vt 0.866667 0.900000
vt 0.833334 0.933334
vt 0.833334 0.933334
vt 0.866667 0.900000
vt 0.866667 0.933334
vt 0.866667 0.900000
vt 0.900000 0.900000
vt 0.866667 0.933334
vt 0.866667 0.933334
vt 0.900000 0.900000
vt 0.900000 0.933334
vt 0.900000 0.900000
vt 0.933334 0.900000
vt 0.900000 0.933334
vt 0.900000 0.933334
vt 0.933334 0.900000
vt 0.933334 0.933334
vt 0.933334 0.900000
vt 0.966667 0.900000
vt 0.933334 0.933334
vt 0.933334 0.933334
vt 0.966667 0.900000
vt 0.966667 0.933334
vt 0.966667 0.900000
vt 1.000000 0.900000
vt 0.966667 0.933334
vt 0.966667 0.933334
vt 1.000000 0.900000
vt 1.000000 0.933334
vt 0.000000 0.933334
vt 0.033333 0.933334
vt 0.000000 0.966667
vt 0.000000 0.966667
vt 0.033333 0.933334
vt 0.033333 0.966667
vt 0.033333 0.933334
vt 0.066667 0.933334
vt 0.033333 0.966667
vt 0.033333 0.966667
vt 0.066667 0.933334
vt 0.066667 0.966667
vt 0.066667 0.933334
vt 0.100000 0.933334
vt 0.066667 0.966667
vt 0.066667 0.966667
vt 0.100000 0.933334
vt 0.100000 0.966667
vt 0.100000 0.933334
vt 0.133333 0.933334
vt 0.100000 0.966667
vt 0.100000 0.966667
vt 0.133333 0.933334
vt 0.133333 0.966667
vt 0.133333 0.933334
vt 0.166667 0.933334
vt 0.133333 0.966667
vt 0.133333 0.966667
vt 0.166667 0.933334
vt 0.166667 0.966667
vt 0.166667 0.933334
vt 0.200000 0.933334
vt 0.166667 0.966667
vt 0.166667 0.966667
vt 0.200000 0.933334
vt 0.200000 0.966667
vt 0.200000 0.933334
vt 0.233333 0.933334
vt 0.200000 0.966667
vt 0.200000 0.966667
vt 0.233333 0.933334
vt 0.233333 0.966667
vt 0.233333 0.933334
vt 0.266667 0.933334
vt 0.233333 0.966667
vt 0.233333 0.966667
vt 0.266667 0.933334
vt 0.266667 0.966667
vt 0.266667 0.933334
vt 0.300000 0.933334
vt 0.266667 0.966667
vt 0.266667 0.966667
vt 0.300000 0.933334
vt 0.300000 0.966667
vt 0.300000 0.933334
vt 0.333333 0.933334
vt 0.300000 0.966667
vt 0.300000 0.966667
vt 0.333333 0.933334
vt 0.333333 0.966667
vt 0.333333 0.933334
vt 0.366667 0.933334
vt 0.333333 0.966667
vt 0.333333 0.966667
vt 0.366667 0.933334
vt 0.366667 0.966667
vt 0.366667 0.933334
vt 0.400000 0.933334
vt 0.366667 0.966667
vt 0.366667 0.966667
vt 0.400000 0.933334
vt 0.400000 0.966667
vt 0.400000 0.933334
vt 0.433333 0.933334
vt 0.400000 0.966667
vt 0.400000 0.966667
vt 0.433333 0.933334
vt 0.433333 0.966667
vt 0.433333 0.933334
vt 0.466667 0.933334
vt 0.433333 0.966667
vt 0.433333 0.966667
vt 0.466667 0.933334
vt 0.466667 0.966667
vt 0.466667 0.933334
vt 0.500000 0.933334
vt 0.466667 0.966667
vt 0.466667 0.966667
vt 0.500000 0.933334
vt 0.500000 0.966667
vt 0.500000 0.933334
vt 0.533333 0.933334
vt 0.500000 0.966667
vt 0.500000 0.966667
vt 0.533333 0.933334
vt 0.533333 0.966667
vt 0.533333 0.933334
vt 0.566667 0.933334
vt 0.533333 0.966667
vt 0.533333 0.966667
vt 0.566667 0.933334
vt 0.566667 0.966667
vt 0.566667 0.933334
vt 0.600000 0.933334
vt 0.566667 0.966667
vt 0.566667 0.966667
vt 0.600000 0.933334
vt 0.600000 0.966667
vt 0.600000 0.933334
vt 0.633333 0.933334
vt 0.600000 0.966667
vt 0.600000 0.966667
vt 0.633333 0.933334
vt 0.633333 0.966667
vt 0.633333 0.933334
vt 0.666667 0.933334
vt 0.633333 0.966667
vt 0.633333 0.966667
vt 0.666667 0.933334
vt 0.666667 0.966667
vt 0.666667 0.933334
vt 0.700000 0.933334
vt 0.666667 0.966667
vt 0.666667 0.966667
vt 0.700000 0.933334
vt 0.700000 0.966667
vt 0.700000 0.933334
vt 0.733334 0.933334
vt 0.700000 0.966667
vt 0.700000 0.966667
vt 0.733334 0.933334
vt 0.733334 0.966667
vt 0.733334 0.933334
vt 0.766667 0.933334
vt 0.733334 0.966667
vt 0.733334 0.966667
vt 0.766667 0.933334
vt 0.766667 0.966667
vt 0.766667 0.933334
vt 0.800000 0.933334
vt 0.766667 0.966667
vt 0.766667 0.966667
vt 0.800000 0.933334
vt 0.800000 0.966667
vt 0.800000 0.933334
vt 0.833334 0.933334
vt 0.800000 0.966667
vt 0.800000 0.966667
vt 0.833334 0.933334
vt 0.833334 0.966667
vt 0.833334 0.933334
vt 0.866667 0.933334
vt 0.833334 0.966667
vt 0.833334 0.966667
vt 0.866667 0.933334
vt 0.866667 0.966667
vt 0.866667 0.933334
vt 0.900000 0.933334
vt 0.866667 0.966667
vt 0.866667 0.966667
vt 0.900000 0.933334
vt 0.900000 0.966667
vt 0.900000 0.933334
vt 0.933334 0.933334
vt 0.900000 0.966667
vt 0.900000 0.966667
vt 0.933334 0.933334
vt 0.933334 0.966667
vt 0.933334 0.933334
vt 0.966667 0.933334
vt 0.933334 0.966667
vt 0.933334 0.966667
vt 0.966667 0.933334
vt 0.966667 0.966667
vt 0.966667 0.933334
vt 1.000000 0.933334
vt 0.966667 0.966667
vt 0.966667 0.966667
vt 1.000000 0.933334
vt 1.000000 0.966667
vt 0.000000 0.966667
vt 0.033333 0.966667
vt 0.000000 1.000000
vt 0.033333 0.966667
vt 0.066667 0.966667
vt 0.033333 1.000000
vt 0.066667 0.966667
vt 0.100000 0.966667
vt 0.066667 1.000000
vt 0.100000 0.966667
vt 0.133333 0.966667
vt 0.100000 1.000000
vt 0.133333 0.966667
vt 0.166667 0.966667
vt 0.133333 1.000000
vt 0.166667 0.966667
vt 0.200000 0.966667
vt 0.166667 1.000000
vt 0.200000 0.966667
vt 0.233333 0.966667
vt 0.200000 1.000000
vt 0.233333 0.966667
vt 0.266667 0.966667
vt 0.233333 1.000000
vt 0.266667 0.966667
vt 0.300000 0.966667
vt 0.266667 1.000000
vt 0.300000 0.966667
vt 0.333333 0.966667
vt 0.300000 1.000000
vt 0.333333 0.966667
vt 0.366667 0.966667
vt 0.333333 1.000000
vt 0.366667 0.966667
vt 0.400000 0.966667
vt 0.366667 1.000000
vt 0.400000 0.966667
vt 0.433333 0.966667
vt 0.400000 1.000000
vt 0.433333 0.966667
vt 0.466667 0.966667
vt 0.433333 1.000000
vt 0.466667 0.966667
vt 0.500000 0.966667
vt 0.466667 1.000000
vt 0.500000 0.966667
vt 0.533333 0.966667
vt 0.500000 1.000000
vt 0.533333 0.966667
vt 0.566667 0.966667
vt 0.533333 1.000000
vt 0.566667 0.966667
vt 0.600000 0.966667
vt 0.566667 1.000000
vt 0.600000 0.966667
vt 0.633333 0.966667
vt 0.600000 1.000000
vt 0.633333 0.966667
vt 0.666667 0.966667
vt 0.633333 1.000000
vt 0.666667 0.966667
vt 0.700000 0.966667
vt 0.666667 1.000000
vt 0.700000 0.966667
vt 0.733334 0.966667
vt 0.700000 1.000000
vt 0.733334 0.966667
vt 0.766667 0.966667
vt 0.733334 1.000000
vt 0.766667 0.966667
vt 0.800000 0.966667
vt 0.766667 1.000000
vt 0.800000 0.966667
vt 0.833334 0.966667
vt 0.800000 1.000000
vt 0.833334 0.966667
vt 0.866667 0.966667
vt 0.833334 1.000000
vt 0.866667 0.966667
vt 0.900000 0.966667
vt 0.866667 1.000000
vt 0.900000 0.966667
vt 0.933334 0.966667
vt 0.900000 1.000000
vt 0.933334 0.966667
vt 0.966667 0.966667
vt 0.933334 1.000000
vt 0.966667 0.966667
vt 1.000000 0.966667
vt 0.966667 1.000000

# point normals - offset=0
vn 0.000000 -1.000000 0.000000
vn 0.000000 -0.994522 0.104528
vn 0.021733 -0.994522 0.102244
vn 0.042516 -0.994522 0.095491
vn 0.061440 -0.994522 0.084565
vn 0.077680 -0.994522 0.069943
vn 0.090524 -0.994522 0.052264
vn 0.099412 -0.994522 0.032301
vn 0.103956 -0.994522 0.010926
vn 0.103956 -0.994522 -0.010926
vn 0.099412 -0.994522 -0.032301
vn 0.090524 -0.994522 -0.052264
vn 0.077680 -0.994522 -0.069943
vn 0.061440 -0.994522 -0.084565
vn 0.042516 -0.994522 -0.095492
vn 0.021733 -0.994522 -0.102244
vn -0.000000 -0.994522 -0.104528
vn -0.021733 -0.994522 -0.102244
vn -0.042516 -0.994522 -0.095491
vn -0.061440 -0.994522 -0.084565
vn -0.077680 -0.994522 -0.069943
vn -0.090524 -0.994522 -0.052264
vn -0.099412 -0.994522 -0.032301
vn -0.103956 -0.994522 -0.010926
vn -0.103956 -0.994522 0.010926
vn -0.099412 -0.994522 0.032301
vn -0.090524 -0.994522 0.052264
vn -0.077680 -0.994522 0.069943
vn -0.061440 -0.994522 0.084565
vn -0.042516 -0.994522 0.095492
vn -0.021733 -0.994522 0.102244
vn 0.000000 -0.978148 0.207912
vn 0.043227 -0.978148 0.203368
vn 0.084565 -0.978148 0.189937
vn 0.122207 -0.978148 0.168204
vn 0.154509 -0.978148 0.139120
vn 0.180057 -0.978148 0.103956
vn 0.197736 -0.978148 0.064248
vn 0.206773 -0.978148 0.021733
vn 0.206773 -0.978148 -0.021733
vn 0.197736 -0.978148 -0.064248
vn 0.180057 -0.978148 -0.103956
vn 0.154509 -0.978148 -0.139120
vn 0.122207 -0.978148 -0.168204
vn 0.084565 -0.978148 -0.189937
vn 0.043227 -0.978148 -0.203368
vn -0.000000 -0.978148 -0.207912
vn -0.043227 -0.978148 -0.203368
vn -0.084565 -0.978148 -0.189937
vn -0.122207 -0.978148 -0.168204
vn -0.154509 -0.978148 -0.139120
vn -0.180057 -0.978148 -0.103956
vn -0.197736 -0.978148 -0.064248
vn -0.206773 -0.978148 -0.021733
vn -0.206773 -0.978148 0.021733
vn -0.197736 -0.978148 0.064248
vn -0.180057 -0.978148 0.103956
vn -0.154508 -0.978148 0.139120
vn -0.122207 -0.978148 0.168204
vn -0.084565 -0.978148 0.189937
vn -0.043227 -0.978148 0.203368
vn 0.000000 -0.951057 0.309017
vn 0.064248 -0.951057 0.302264
vn 0.125689 -0.951057 0.282301
vn 0.181636 -0.951057 0.250000
vn 0.229644 -0.951057 0.206773
vn 0.267617 -0.951057 0.154508
vn 0.293893 -0.951057 0.095491
vn 0.307324 -0.951057 0.032301
vn 0.307324 -0.951057 -0.032301
vn 0.293893 -0.951057 -0.095492
vn 0.267617 -0.951057 -0.154509
vn 0.229644 -0.951057 -0.206773
vn 0.181636 -0.951057 -0.250000
vn 0.125689 -0.951057 -0.282301
vn 0.064248 -0.951057 -0.302264
vn -0.000000 -0.951057 -0.309017
vn -0.064248 -0.951057 -0.302264
vn -0.125689 -0.951057 -0.282301
vn -0.181636 -0.951057 -0.250000
vn -0.229644 -0.951057 -0.206773
vn -0.267617 -0.951057 -0.154508
vn -0.293893 -0.951057 -0.095492
vn -0.307324 -0.951057 -0.032301
vn -0.307324 -0.951057 0.032301
vn -0.293893 -0.951057 0.095492
vn -0.267617 -0.951057 0.154508
vn -0.229644 -0.951057 0.206773
vn -0.181636 -0.951057 0.250000
vn -0.125688 -0.951057 0.282301
vn -0.064248 -0.951057 0.302264
vn 0.000000 -0.913545 0.406737
vn 0.084565 -0.913545 0.397848
vn 0.165435 -0.913545 0.371572
vn 0.239074 -0.913546 0.329057
vn 0.302264 -0.913546 0.272160
vn 0.352244 -0.913546 0.203368
vn 0.386830 -0.913545 0.125689
vn 0.404509 -0.913545 0.042516
vn 0.404509 -0.913545 -0.042516
vn 0.386830 -0.913545 -0.125689
vn 0.352244 -0.913545 -0.203368
vn 0.302264 -0.913545 -0.272160
vn 0.239074 -0.913545 -0.329057
vn 0.165435 -0.913546 -0.371572
vn 0.084565 -0.913545 -0.397848
vn -0.000000 -0.913545 -0.406737
vn -0.084565 -0.913545 -0.397848
vn -0.165435 -0.913545 -0.371572
vn -0.239074 -0.913545 -0.329057
vn -0.302264 -0.913546 -0.272160
vn -0.352244 -0.913546 -0.203368
vn -0.386830 -0.913545 -0.125689
vn -0.404509 -0.913545 -0.042516
vn -0.404509 -0.913546 0.042516
vn -0.386830 -0.913545 0.125689
vn -0.352244 -0.913546 0.203368
vn -0.302264 -0.913545 0.272160
vn -0.239074 -0.913546 0.329057
vn -0.165435 -0.913546 0.371572
vn -0.084565 -0.913545 0.397848
vn 0.000000 -0.866025 0.500000
vn 0.103956 -0.866025 0.489074
vn 0.203368 -0.866025 0.456773
vn 0.293893 -0.866025 0.404509
vn 0.371572 -0.866025 0.334565
vn 0.433013 -0.866025 0.250000
vn 0.475528 -0.866025 0.154508
vn 0.497261 -0.866025 0.052264
vn 0.497261 -0.866025 -0.052264
vn 0.475528 -0.866025 -0.154509
vn 0.433013 -0.866025 -0.250000
vn 0.371572 -0.866025 -0.334565
vn 0.293893 -0.866025 -0.404509
vn 0.203368 -0.866025 -0.456773
vn 0.103956 -0.866025 -0.489074
vn -0.000000 -0.866025 -0.500000
vn -0.103956 -0.866025 -0.489074
vn -0.203368 -0.866025 -0.456773
vn -0.293893 -0.866025 -0.404508
vn -0.371572 -0.866026 -0.334565
vn -0.433013 -0.866025 -0.250000
vn -0.475528 -0.866025 -0.154509
vn -0.497261 -0.866025 -0.052264
vn -0.497261 -0.866025 0.052264
vn -0.475528 -0.866025 0.154509
vn -0.433013 -0.866025 0.250000
vn -0.371572 -0.866025 0.334565
vn -0.293892 -0.866025 0.404509
vn -0.203368 -0.866025 0.456773
vn -0.103956 -0.866025 0.489074
vn 0.000000 -0.809017 0.587785
vn 0.122207 -0.809017 0.574941
vn 0.239074 -0.809017 0.536969
vn 0.345491 -0.809017 0.475528
vn 0.436810 -0.809017 0.393305
vn 0.509037 -0.809017 0.293893
vn 0.559017 -0.809017 0.181636
vn 0.584565 -0.809017 0.061440
vn 0.584565 -0.809017 -0.061440
vn 0.559017 -0.809017 -0.181636
vn 0.509037 -0.809017 -0.293893
vn 0.436810 -0.809017 -0.393305
vn 0.345491 -0.809017 -0.475528
vn 0.239074 -0.809017 -0.536969
vn 0.122207 -0.809017 -0.574941
vn -0.000000 -0.809017 -0.587785
vn -0.122207 -0.809017 -0.574941
vn -0.239074 -0.809017 -0.536969
vn -0.345492 -0.809017 -0.475528
vn -0.436810 -0.809017 -0.393305
vn -0.509037 -0.809017 -0.293893
vn -0.559017 -0.809017 -0.181636
vn -0.584565 -0.809017 -0.061440
vn -0.584565 -0.809017 0.061441
vn -0.559017 -0.809017 0.181636
vn -0.509037 -0.809017 0.293893
vn -0.436810 -0.809017 0.393305
vn -0.345491 -0.809017 0.475528
vn -0.239074 -0.809017 0.536969
vn -0.122207 -0.809017 0.574941
vn 0.000000 -0.743145 0.669131
vn 0.139120 -0.743145 0.654509
vn 0.272160 -0.743145 0.611281
vn 0.393305 -0.743145 0.541338
vn 0.497261 -0.743145 0.447736
vn 0.579484 -0.743145 0.334565
vn 0.636381 -0.743145 0.206773
vn 0.665465 -0.743145 0.069943
vn 0.665465 -0.743145 -0.069943
vn 0.636381 -0.743145 -0.206773
vn 0.579484 -0.743145 -0.334565
vn 0.497261 -0.743145 -0.447736
vn 0.393305 -0.743145 -0.541338
vn 0.272160 -0.743145 -0.611281
vn 0.139120 -0.743145 -0.654509
vn -0.000000 -0.743145 -0.669131
vn -0.139120 -0.743145 -0.654508
vn -0.272160 -0.743145 -0.611281
vn -0.393305 -0.743145 -0.541338
vn -0.497261 -0.743145 -0.447736
vn -0.579484 -0.743145 -0.334565
vn -0.636381 -0.743145 -0.206773
vn -0.665465 -0.743145 -0.069943
vn -0.665465 -0.743145 0.069943
vn -0.636381 -0.743145 0.206773
vn -0.579484 -0.743145 0.334565
vn -0.497261 -0.743145 0.447736
vn -0.393305 -0.743145 0.541338
vn -0.272160 -0.743145 0.611281
vn -0.139120 -0.743145 0.654508
vn 0.000000 -0.669131 0.743145
vn 0.154509 -0.669131 0.726905
vn 0.302264 -0.669131 0.678897
vn 0.436810 -0.669131 0.601217
vn 0.552264 -0.669131 0.497261
vn 0.643582 -0.669131 0.371572
vn 0.706773 -0.669131 0.229644
vn 0.739074 -0.669131 0.077680
vn 0.739074 -0.669131 -0.077680
vn 0.706773 -0.669131 -0.229644
vn 0.643582 -0.669131 -0.371572
vn 0.552264 -0.669131 -0.497261
vn 0.436810 -0.669131 -0.601217
vn 0.302264 -0.669131 -0.678897
vn 0.154508 -0.669131 -0.726905
vn -0.000000 -0.669131 -0.743145
vn -0.154509 -0.669131 -0.726905
vn -0.302264 -0.669131 -0.678897
vn -0.436810 -0.669131 -0.601217
vn -0.552264 -0.669131 -0.497261
vn -0.643582 -0.669131 -0.371572
vn -0.706773 -0.669131 -0.229644
vn -0.739074 -0.669131 -0.077680
vn -0.739074 -0.669131 0.077680
vn -0.706773 -0.669131 0.229644
vn -0.643582 -0.669131 0.371572
vn -0.552264 -0.669131 0.497261
vn -0.436809 -0.669131 0.601217
vn -0.302264 -0.669131 0.678897
vn -0.154509 -0.669131 0.726905
vn 0.000000 -0.587785 0.809017
vn 0.168204 -0.587785 0.791338
vn 0.329057 -0.587785 0.739074
vn 0.475528 -0.587785 0.654509
vn 0.601217 -0.587785 0.541338
vn 0.700629 -0.587785 0.404508
vn 0.769421 -0.587785 0.250000
vn 0.804585 -0.587785 0.084565
vn 0.804585 -0.587785 -0.084565
vn 0.769421 -0.587785 -0.250000
vn 0.700629 -0.587785 -0.404509
vn 0.601217 -0.587785 -0.541338
vn 0.475528 -0.587785 -0.654509
vn 0.329057 -0.587785 -0.739074
vn 0.168204 -0.587785 -0.791338
vn -0.000000 -0.587785 -0.809017
vn -0.168204 -0.587785 -0.791338
vn -0.329057 -0.587785 -0.739074
vn -0.475528 -0.587785 -0.654508
vn -0.601217 -0.587785 -0.541338
vn -0.700629 -0.587785 -0.404508
vn -0.769421 -0.587785 -0.250000
vn -0.804585 -0.587785 -0.084565
vn -0.804585 -0.587785 0.084566
vn -0.769421 -0.587785 0.250000
vn -0.700629 -0.587785 0.404508
vn -0.601217 -0.587785 0.541338
vn -0.475528 -0.587785 0.654509
vn -0.329057 -0.587785 0.739074
vn -0.168204 -0.587785 0.791338
vn 0.000000 -0.500000 0.866025
vn 0.180057 -0.500000 0.847101
vn 0.352244 -0.500000 0.791154
vn 0.509037 -0.500000 0.700629
vn 0.643582 -0.500000 0.579484
vn 0.750000 -0.500000 0.433013
vn 0.823639 -0.500000 0.267617
vn 0.861281 -0.500000 0.090524
vn 0.861281 -0.500000 -0.090524
vn 0.823639 -0.500000 -0.267617
vn 0.750000 -0.500000 -0.433013
vn 0.643582 -0.500000 -0.579484
vn 0.509037 -0.500000 -0.700629
vn 0.352244 -0.500000 -0.791154
vn 0.180057 -0.500000 -0.847101
vn -0.000000 -0.500000 -0.866025
vn -0.180057 -0.500000 -0.847101
vn -0.352244 -0.500000 -0.791154
vn -0.509037 -0.500000 -0.700629
vn -0.643582 -0.500000 -0.579484
vn -0.750000 -0.500000 -0.433013
vn -0.823639 -0.500000 -0.267617
vn -0.861281 -0.500000 -0.090524
vn -0.861281 -0.500000 0.090525
vn -0.823639 -0.500000 0.267617
vn -0.750000 -0.500000 0.433013
vn -0.643582 -0.500000 0.579484
vn -0.509037 -0.500000 0.700630
vn -0.352244 -0.500000 0.791154
vn -0.180057 -0.500000 0.847101
vn 0.000000 -0.406737 0.913545
vn 0.189937 -0.406737 0.893582
vn 0.371572 -0.406737 0.834565
vn 0.536969 -0.406737 0.739074
vn 0.678897 -0.406737 0.611281
vn 0.791154 -0.406737 0.456773
vn 0.868833 -0.406737 0.282301
vn 0.908541 -0.406737 0.095491
vn 0.908541 -0.406737 -0.095492
vn 0.868833 -0.406737 -0.282301
vn 0.791154 -0.406737 -0.456773
vn 0.678897 -0.406737 -0.611281
vn 0.536969 -0.406737 -0.739074
vn 0.371572 -0.406737 -0.834565
vn 0.189937 -0.406737 -0.893582
vn -0.000000 -0.406737 -0.913545
vn -0.189937 -0.406737 -0.893582
vn -0.371572 -0.406737 -0.834565
vn -0.536969 -0.406737 -0.739074
vn -0.678897 -0.406737 -0.611281
vn -0.791154 -0.406737 -0.456773
vn -0.868833 -0.406737 -0.282301
vn -0.908541 -0.406737 -0.095491
vn -0.908541 -0.406737 0.095492
vn -0.868833 -0.406737 0.282301
vn -0.791154 -0.406737 0.456773
vn -0.678897 -0.406737 0.611281
vn -0.536968 -0.406737 0.739074
vn -0.371572 -0.406737 0.834565
vn -0.189937 -0.406737 0.893582
vn 0.000000 -0.309017 0.951057
vn 0.197736 -0.309017 0.930274
vn 0.386830 -0.309017 0.868833
vn 0.559017 -0.309017 0.769421
vn 0.706773 -0.309017 0.636381
vn 0.823639 -0.309017 0.475528
vn 0.904509 -0.309017 0.293893
vn 0.945847 -0.309017 0.099412
vn 0.945847 -0.309017 -0.099413
vn 0.904509 -0.309017 -0.293893
vn 0.823639 -0.309017 -0.475528
vn 0.706773 -0.309017 -0.636381
vn 0.559017 -0.309017 -0.769421
vn 0.386829 -0.309017 -0.868833
vn 0.197736 -0.309017 -0.930274
vn -0.000000 -0.309017 -0.951057
vn -0.197736 -0.309017 -0.930274
vn -0.386830 -0.309017 -0.868833
vn -0.559017 -0.309017 -0.769421
vn -0.706773 -0.309017 -0.636381
vn -0.823639 -0.309017 -0.475528
vn -0.904508 -0.309017 -0.293893
vn -0.945847 -0.309017 -0.099412
vn -0.945846 -0.309017 0.099413
vn -0.904508 -0.309017 0.293893
vn -0.823639 -0.309017 0.475528
vn -0.706773 -0.309017 0.636381
vn -0.559017 -0.309017 0.769421
vn -0.386829 -0.309017 0.868833
vn -0.197736 -0.309017 0.930274
vn 0.000000 -0.207912 0.978148
vn 0.203368 -0.207912 0.956773
vn 0.397849 -0.207912 0.893582
vn 0.574941 -0.207912 0.791338
vn 0.726905 -0.207912 0.654508
vn 0.847101 -0.207912 0.489074
vn 0.930274 -0.207912 0.302264
vn 0.972789 -0.207912 0.102244
vn 0.972789 -0.207912 -0.102244
vn 0.930274 -0.207912 -0.302264
vn 0.847101 -0.207912 -0.489074
vn 0.726905 -0.207912 -0.654509
vn 0.574941 -0.207912 -0.791338
vn 0.397848 -0.207912 -0.893582
vn 0.203368 -0.207912 -0.956773
vn -0.000000 -0.207912 -0.978148
vn -0.203368 -0.207912 -0.956773
vn -0.397849 -0.207912 -0.893582
vn -0.574941 -0.207912 -0.791338
vn -0.726905 -0.207912 -0.654508
vn -0.847101 -0.207912 -0.489074
vn -0.930274 -0.207912 -0.302264
vn -0.972789 -0.207912 -0.102244
vn -0.972789 -0.207912 0.102245
vn -0.930274 -0.207912 0.302264
vn -0.847101 -0.207912 0.489074
vn -0.726905 -0.207912 0.654509
vn -0.574940 -0.207912 0.791338
vn -0.397848 -0.207912 0.893582
vn -0.203368 -0.207912 0.956773
vn 0.000000 -0.104528 0.994522
vn 0.206773 -0.104528 0.972789
vn 0.404509 -0.104528 0.908541
vn 0.584565 -0.104528 0.804585
vn 0.739074 -0.104528 0.665465
vn 0.861281 -0.104528 0.497261
vn 0.945847 -0.104528 0.307324
vn 0.989074 -0.104528 0.103956
vn 0.989074 -0.104528 -0.103956
vn 0.945847 -0.104528 -0.307324
vn 0.861281 -0.104528 -0.497261
vn 0.739074 -0.104528 -0.665465
vn 0.584565 -0.104528 -0.804585
vn 0.404508 -0.104528 -0.908541
vn 0.206773 -0.104528 -0.972789
vn -0.000000 -0.104528 -0.994522
vn -0.206773 -0.104528 -0.972789
vn -0.404509 -0.104528 -0.908541
vn -0.584565 -0.104528 -0.804585
vn -0.739074 -0.104528 -0.665465
vn -0.861281 -0.104528 -0.497261
vn -0.945846 -0.104528 -0.307324
vn -0.989074 -0.104528 -0.103956
vn -0.989074 -0.104528 0.103956
vn -0.945846 -0.104528 0.307324
vn -0.861281 -0.104528 0.497261
vn -0.739074 -0.104528 0.665465
vn -0.584565 -0.104528 0.804585
vn -0.404508 -0.104528 0.908541
vn -0.206773 -0.104528 0.972789
vn 0.000000 0.000000 1.000000
vn 0.207912 0.000000 0.978148
vn 0.406737 0.000000 0.913545
vn 0.587785 0.000000 0.809017
vn 0.743145 0.000000 0.669131
vn 0.866025 0.000000 0.500000
vn 0.951057 0.000000 0.309017
vn 0.994522 0.000000 0.104528
vn 0.994522 0.000000 -0.104529
vn 0.951057 0.000000 -0.309017
vn 0.866025 0.000000 -0.500000
vn 0.743145 0.000000 -0.669131
vn 0.587785 0.000000 -0.809017
vn 0.406737 0.000000 -0.913545
vn 0.207912 0.000000 -0.978148
vn -0.000000 0.000000 -1.000000
vn -0.207912 0.000000 -0.978148
vn -0.406737 0.000000 -0.913545
vn -0.587785 0.000000 -0.809017
vn -0.743145 0.000000 -0.669131
vn -0.866025 0.000000 -0.500000
vn -0.951056 0.000000 -0.309017
vn -0.994522 0.000000 -0.104528
vn -0.994522 0.000000 0.104529
vn -0.951056 0.000000 0.309017
vn -0.866025 0.000000 0.500000
vn -0.743145 0.000000 0.669131
vn -0.587785 0.000000 0.809017
vn -0.406736 0.000000 0.913546
vn -0.207912 0.000000 0.978148
vn 0.000000 0.104529 0.994522
vn 0.206773 0.104529 0.972789
vn 0.404509 0.104529 0.908541
vn 0.584565 0.104529 0.804585
vn 0.739074 0.104529 0.665465
vn 0.861281 0.104529 0.497261
vn 0.945847 0.104529 0.307324
vn 0.989074 0.104529 0.103956
vn 0.989074 0.104529 -0.103956
vn 0.945847 0.104529 -0.307324
vn 0.861281 0.104529 -0.497261
vn 0.739074 0.104529 -0.665465
vn 0.584565 0.104529 -0.804585
vn 0.404508 0.104529 -0.908541
vn 0.206773 0.104529 -0.972789
vn -0.000000 0.104529 -0.994522
vn -0.206773 0.104529 -0.972789
vn -0.404509 0.104529 -0.908541
vn -0.584565 0.104529 -0.804585
vn -0.739074 0.104529 -0.665465
vn -0.861281 0.104529 -0.497261
vn -0.945846 0.104529 -0.307324
vn -0.989074 0.104529 -0.103956
vn -0.989074 0.104529 0.103956
vn -0.945846 0.104529 0.307324
vn -0.861281 0.104529 0.497261
vn -0.739074 0.104529 0.665465
vn -0.584565 0.104529 0.804585
vn -0.404508 0.104529 0.908541
vn -0.206773 0.104529 0.972789
vn 0.000000 0.207912 0.978148
vn 0.203368 0.207912 0.956773
vn 0.397849 0.207912 0.893582
vn 0.574941 0.207912 0.791338
vn 0.726905 0.207912 0.654508
vn 0.847101 0.207912 0.489074
vn 0.930274 0.207912 0.302264
vn 0.972789 0.207912 0.102244
vn 0.972789 0.207912 -0.102244
vn 0.930274 0.207912 -0.302264
vn 0.847101 0.207912 -0.489074
vn 0.726905 0.207912 -0.654509
vn 0.574941 0.207912 -0.791338
vn 0.397848 0.207912 -0.893582
vn 0.203368 0.207912 -0.956773
vn -0.000000 0.207912 -0.978148
vn -0.203368 0.207912 -0.956773
vn -0.397849 0.207912 -0.893582
vn -0.574941 0.207912 -0.791338
vn -0.726905 0.207912 -0.654508
vn -0.847101 0.207912 -0.489074
vn -0.930274 0.207912 -0.302264
vn -0.972789 0.207912 -0.102244
vn -0.972789 0.207912 0.102245
vn -0.930274 0.207912 0.302264
vn -0.847101 0.207912 0.489074
vn -0.726905 0.207912 0.654509
vn -0.574940 0.207912 0.791338
vn -0.397848 0.207912 0.893582
vn -0.203368 0.207912 0.956773
vn 0.000000 0.309017 0.951057
vn 0.197736 0.309017 0.930274
vn 0.386830 0.309017 0.868833
vn 0.559017 0.309017 0.769421
vn 0.706773 0.309017 0.636381
vn 0.823639 0.309017 0.475528
vn 0.904509 0.309017 0.293893
vn 0.945847 0.309017 0.099412
vn 0.945846 0.309017 -0.099413
vn 0.904509 0.309017 -0.293893
vn 0.823639 0.309017 -0.475528
vn 0.706773 0.309017 -0.636381
vn 0.559017 0.309017 -0.769421
vn 0.386829 0.309017 -0.868833
vn 0.197736 0.309017 -0.930274
vn -0.000000 0.309017 -0.951057
vn -0.197736 0.309017 -0.930274
vn -0.386830 0.309017 -0.868833
vn -0.559017 0.309017 -0.769421
vn -0.706773 0.309017 -0.636381
vn -0.823639 0.309017 -0.475528
vn -0.904509 0.309017 -0.293893
vn -0.945847 0.309017 -0.099412
vn -0.945847 0.309017 0.099413
vn -0.904509 0.309017 0.293893
vn -0.823639 0.309017 0.475528
vn -0.706773 0.309017 0.636381
vn -0.559017 0.309017 0.769421
vn -0.386829 0.309017 0.868833
vn -0.197736 0.309017 0.930274
vn 0.000000 0.406737 0.913545
vn 0.189937 0.406737 0.893582
vn 0.371572 0.406737 0.834565
vn 0.536969 0.406737 0.739074
vn 0.678897 0.406737 0.611281
vn 0.791154 0.406737 0.456773
vn 0.868833 0.406737 0.282301
vn 0.908541 0.406737 0.095491
vn 0.908541 0.406737 -0.095492
vn 0.868833 0.406737 -0.282301
vn 0.791154 0.406737 -0.456773
vn 0.678897 0.406737 -0.611281
vn 0.536968 0.406737 -0.739074
vn 0.371572 0.406737 -0.834565
vn 0.189937 0.406737 -0.893582
vn -0.000000 0.406737 -0.913545
vn -0.189937 0.406737 -0.893582
vn -0.371572 0.406737 -0.834565
vn -0.536969 0.406737 -0.739074
vn -0.678897 0.406737 -0.611281
vn -0.791154 0.406737 -0.456773
vn -0.868833 0.406737 -0.282301
vn -0.908541 0.406737 -0.095491
vn -0.908541 0.406737 0.095492
vn -0.868833 0.406737 0.282301
vn -0.791154 0.406737 0.456773
vn -0.678896 0.406737 0.611281
vn -0.536968 0.406737 0.739074
vn -0.371572 0.406737 0.834565
vn -0.189937 0.406737 0.893582
vn 0.000000 0.500000 0.866025
vn 0.180057 0.500000 0.847101
vn 0.352244 0.500000 0.791154
vn 0.509037 0.500000 0.700629
vn 0.643582 0.500000 0.579484
vn 0.750000 0.500000 0.433013
vn 0.823639 0.500000 0.267617
vn 0.861281 0.500000 0.090524
vn 0.861281 0.500000 -0.090524
vn 0.823639 0.500000 -0.267617
vn 0.750000 0.500000 -0.433013
vn 0.643582 0.500000 -0.579484
vn 0.509037 0.500000 -0.700629
vn 0.352244 0.500000 -0.791154
vn 0.180057 0.500000 -0.847101
vn -0.000000 0.500000 -0.866025
vn -0.180057 0.500000 -0.847101
vn -0.352244 0.500000 -0.791154
vn -0.509037 0.500000 -0.700629
vn -0.643582 0.500000 -0.579484
vn -0.750000 0.500000 -0.433013
vn -0.823639 0.500000 -0.267617
vn -0.861281 0.500000 -0.090524
vn -0.861281 0.500000 0.090525
vn -0.823639 0.500000 0.267617
vn -0.750000 0.500000 0.433013
vn -0.643582 0.500000 0.579484
vn -0.509037 0.500000 0.700629
vn -0.352244 0.500000 0.791154
vn -0.180057 0.500000 0.847101
vn 0.000000 0.587785 0.809017
vn 0.168204 0.587785 0.791338
vn 0.329057 0.587785 0.739074
vn 0.475528 0.587785 0.654509
vn 0.601217 0.587785 0.541338
vn 0.700629 0.587785 0.404509
vn 0.769421 0.587785 0.250000
vn 0.804585 0.587785 0.084565
vn 0.804585 0.587785 -0.084565
vn 0.769421 0.587785 -0.250000
vn 0.700629 0.587785 -0.404509
vn 0.601217 0.587785 -0.541338
vn 0.475528 0.587785 -0.654509
vn 0.329057 0.587785 -0.739074
vn 0.168204 0.587785 -0.791338
vn -0.000000 0.587785 -0.809017
vn -0.168204 0.587785 -0.791338
vn -0.329057 0.587785 -0.739074
vn -0.475528 0.587785 -0.654508
vn -0.601217 0.587785 -0.541338
vn -0.700629 0.587785 -0.404509
vn -0.769421 0.587785 -0.250000
vn -0.804585 0.587785 -0.084565
vn -0.804585 0.587785 0.084566
vn -0.769421 0.587785 0.250000
vn -0.700629 0.587785 0.404509
vn -0.601217 0.587785 0.541338
vn -0.475528 0.587785 0.654509
vn -0.329057 0.587785 0.739074
vn -0.168204 0.587785 0.791338
vn 0.000000 0.669131 0.743145
vn 0.154509 0.669131 0.726905
vn 0.302264 0.669131 0.678897
vn 0.436810 0.669131 0.601217
vn 0.552264 0.669131 0.497261
vn 0.643582 0.669131 0.371572
vn 0.706773 0.669131 0.229644
vn 0.739074 0.669131 0.077680
vn 0.739074 0.669131 -0.077680
vn 0.706773 0.669131 -0.229644
vn 0.643582 0.669131 -0.371572
vn 0.552264 0.669131 -0.497261
vn 0.436810 0.669131 -0.601217
vn 0.302264 0.669131 -0.678897
vn 0.154508 0.669131 -0.726905
vn -0.000000 0.669131 -0.743145
vn -0.154509 0.669131 -0.726905
vn -0.302264 0.669131 -0.678897
vn -0.436810 0.669131 -0.601217
vn -0.552264 0.669131 -0.497261
vn -0.643582 0.669131 -0.371572
vn -0.706773 0.669131 -0.229644
vn -0.739074 0.669131 -0.077680
vn -0.739074 0.669131 0.077680
vn -0.706773 0.669131 0.229644
vn -0.643582 0.669131 0.371572
vn -0.552264 0.669131 0.497261
vn -0.436809 0.669131 0.601217
vn -0.302264 0.669131 0.678897
vn -0.154509 0.669131 0.726905
vn 0.000000 0.743145 0.669131
vn 0.139120 0.743145 0.654508
vn 0.272160 0.743145 0.611281
vn 0.393305 0.743145 0.541338
vn 0.497261 0.743145 0.447736
vn 0.579484 0.743145 0.334565
vn 0.636381 0.743145 0.206773
vn 0.665465 0.743145 0.069943
vn 0.665465 0.743145 -0.069943
vn 0.636381 0.743145 -0.206773
vn 0.579484 0.743145 -0.334565
vn 0.497261 0.743145 -0.447736
vn 0.393305 0.743145 -0.541338
vn 0.272160 0.743145 -0.611281
vn 0.139120 0.743145 -0.654508
vn -0.000000 0.743145 -0.669131
vn -0.139120 0.743145 -0.654508
vn -0.272160 0.743145 -0.611281
vn -0.393305 0.743145 -0.541338
vn -0.497261 0.743145 -0.447736
vn -0.579484 0.743145 -0.334565
vn -0.636381 0.743145 -0.206773
vn -0.665465 0.743145 -0.069943
vn -0.665465 0.743145 0.069943
vn -0.636381 0.743145 0.206773
vn -0.579484 0.743145 0.334565
vn -0.497261 0.743145 0.447736
vn -0.393305 0.743145 0.541338
vn -0.272160 0.743145 0.611281
vn -0.139120 0.743145 0.654508
vn 0.000000 0.809017 0.587785
vn 0.122207 0.809017 0.574941
vn 0.239074 0.809017 0.536968
vn 0.345491 0.809017 0.475528
vn 0.436810 0.809017 0.393305
vn 0.509037 0.809017 0.293893
vn 0.559017 0.809017 0.181636
vn 0.584565 0.809017 0.061440
vn 0.584565 0.809017 -0.061440
vn 0.559017 0.809017 -0.181636
vn 0.509037 0.809017 -0.293893
vn 0.436810 0.809017 -0.393305
vn 0.345491 0.809017 -0.475528
vn 0.239074 0.809017 -0.536969
vn 0.122207 0.809017 -0.574941
vn -0.000000 0.809017 -0.587785
vn -0.122207 0.809017 -0.574941
vn -0.239074 0.809017 -0.536968
vn -0.345492 0.809017 -0.475528
vn -0.436810 0.809017 -0.393305
vn -0.509037 0.809017 -0.293893
vn -0.559017 0.809017 -0.181636
vn -0.584565 0.809017 -0.061440
vn -0.584565 0.809017 0.061441
vn -0.559017 0.809017 0.181636
vn -0.509037 0.809017 0.293893
vn -0.436809 0.809017 0.393305
vn -0.345491 0.809017 0.475528
vn -0.239074 0.809017 0.536969
vn -0.122207 0.809017 0.574941
vn 0.000000 0.866025 0.500000
vn 0.103956 0.866025 0.489074
vn 0.203368 0.866025 0.456773
vn 0.293893 0.866025 0.404509
vn 0.371572 0.866025 0.334565
vn 0.433013 0.866025 0.250000
vn 0.475528 0.866025 0.154509
vn 0.497261 0.866025 0.052264
vn 0.497261 0.866025 -0.052264
vn 0.475528 0.866025 -0.154509
vn 0.433013 0.866025 -0.250000
vn 0.371572 0.866025 -0.334565
vn 0.293893 0.866025 -0.404509
vn 0.203368 0.866025 -0.456773
vn 0.103956 0.866025 -0.489074
vn -0.000000 0.866025 -0.500000
vn -0.103956 0.866025 -0.489074
vn -0.203368 0.866025 -0.456773
vn -0.293893 0.866025 -0.404509
vn -0.371572 0.866025 -0.334565
vn -0.433013 0.866025 -0.250000
vn -0.475528 0.866025 -0.154509
vn -0.497261 0.866025 -0.052264
vn -0.497261 0.866025 0.052264
vn -0.475528 0.866025 0.154509
vn -0.433013 0.866025 0.250000
vn -0.371572 0.866025 0.334565
vn -0.293893 0.866025 0.404509
vn -0.203368 0.866025 0.456773
vn -0.103956 0.866025 0.489074
vn 0.000000 0.913545 0.406737
vn 0.084565 0.913545 0.397848
vn 0.165435 0.913546 0.371572
vn 0.239074 0.913545 0.329057
vn 0.302264 0.913545 0.272160
vn 0.352244 0.913545 0.203368
vn 0.386829 0.913545 0.125689
vn 0.404508 0.913545 0.042516
vn 0.404508 0.913545 -0.042516
vn 0.386829 0.913545 -0.125689
vn 0.352244 0.913546 -0.203368
vn 0.302264 0.913545 -0.272160
vn 0.239074 0.913545 -0.329057
vn 0.165435 0.913545 -0.371572
vn 0.084565 0.913545 -0.397848
vn -0.000000 0.913545 -0.406737
vn -0.084565 0.913545 -0.397848
vn -0.165435 0.913545 -0.371572
vn -0.239074 0.913545 -0.329057
vn -0.302264 0.913545 -0.272160
vn -0.352244 0.913545 -0.203368
vn -0.386829 0.913545 -0.125689
vn -0.404508 0.913545 -0.042515
vn -0.404508 0.913545 0.042516
vn -0.386829 0.913545 0.125689
vn -0.352244 0.913545 0.203368
vn -0.302264 0.913545 0.272160
vn -0.239074 0.913545 0.329057
vn -0.165435 0.913545 0.371572
vn -0.084565 0.913545 0.397848
vn 0.000000 0.951057 0.309017
vn 0.064248 0.951057 0.302264
vn 0.125688 0.951057 0.282301
vn 0.181636 0.951057 0.250000
vn 0.229644 0.951057 0.206773
vn 0.267616 0.951057 0.154508
vn 0.293892 0.951057 0.095491
vn 0.307324 0.951057 0.032301
vn 0.307324 0.951057 -0.032301
vn 0.293892 0.951057 -0.095491
vn 0.267616 0.951057 -0.154508
vn 0.229644 0.951057 -0.206773
vn 0.181635 0.951057 -0.250000
vn 0.125688 0.951057 -0.282301
vn 0.064248 0.951057 -0.302264
vn -0.000000 0.951057 -0.309017
vn -0.064248 0.951057 -0.302264
vn -0.125688 0.951057 -0.282301
vn -0.181636 0.951057 -0.250000
vn -0.229644 0.951057 -0.206773
vn -0.267616 0.951057 -0.154508
vn -0.293892 0.951057 -0.095491
vn -0.307324 0.951057 -0.032301
vn -0.307324 0.951057 0.032301
vn -0.293892 0.951057 0.095491
vn -0.267616 0.951057 0.154508
vn -0.229644 0.951057 0.206773
vn -0.181635 0.951057 0.250000
vn -0.125688 0.951057 0.282301
vn -0.064248 0.951057 0.302264
vn 0.000000 0.978148 0.207912
vn 0.043227 0.978148 0.203368
vn 0.084565 0.978148 0.189937
vn 0.122207 0.978148 0.168204
vn 0.154508 0.978148 0.139120
vn 0.180057 0.978148 0.103956
vn 0.197736 0.978148 0.064248
vn 0.206773 0.978148 0.021733
vn 0.206773 0.978148 -0.021733
vn 0.197736 0.978148 -0.064248
vn 0.180057 0.978148 -0.103956
vn 0.154508 0.978148 -0.139120
vn 0.122207 0.978148 -0.168204
vn 0.084565 0.978148 -0.189937
vn 0.043227 0.978148 -0.203368
vn -0.000000 0.978148 -0.207912
vn -0.043227 0.978148 -0.203368
vn -0.084565 0.978148 -0.189937
vn -0.122207 0.978148 -0.168204
vn -0.154508 0.978148 -0.139120
vn -0.180057 0.978148 -0.103956
vn -0.197736 0.978148 -0.064248
vn -0.206773 0.978148 -0.021733
vn -0.206773 0.978148 0.021733
vn -0.197736 0.978148 0.064248
vn -0.180057 0.978148 0.103956
vn -0.154508 0.978148 0.139120
vn -0.122207 0.978148 0.168204
vn -0.084565 0.978148 0.189937
vn -0.043227 0.978148 0.203368
vn 0.000000 0.994522 0.104528
vn 0.021733 0.994522 0.102244
vn 0.042516 0.994522 0.095492
vn 0.061440 0.994522 0.084565
vn 0.077680 0.994522 0.069943
vn 0.090524 0.994522 0.052264
vn 0.099413 0.994522 0.032301
vn 0.103956 0.994522 0.010926
vn 0.103956 0.994522 -0.010926
vn 0.099413 0.994522 -0.032301
vn 0.090524 0.994522 -0.052264
vn 0.077680 0.994522 -0.069943
vn 0.061440 0.994522 -0.084565
vn 0.042516 0.994522 -0.095492
vn 0.021733 0.994522 -0.102244
vn -0.000000 0.994522 -0.104528
vn -0.021733 0.994522 -0.102244
vn -0.042516 0.994522 -0.095492
vn -0.061440 0.994522 -0.084565
vn -0.077680 0.994522 -0.069943
vn -0.090524 0.994522 -0.052264
vn -0.099413 0.994522 -0.032301
vn -0.103956 0.994522 -0.010926
vn -0.103956 0.994522 0.010926
vn -0.099413 0.994522 0.032301
vn -0.090524 0.994522 0.052264
vn -0.077680 0.994522 0.069943
vn -0.061440 0.994522 0.084565
vn -0.042516 0.994522 0.095492
vn -0.021733 0.994522 0.102244
vn 0.000000 1.000000 0.000000

f 1/1/1 3/2/3 2/3/2
f 1/4/1 4/5/4 3/6/3
f 1/7/1 5/8/5 4/9/4
f 1/10/1 6/11/6 5/12/5
f 1/13/1 7/14/7 6/15/6
f 1/16/1 8/17/8 7/18/7
f 1/19/1 9/20/9 8/21/8
f 1/22/1 10/23/10 9/24/9
f 1/25/1 11/26/11 10/27/10
f 1/28/1 12/29/12 11/30/11
f 1/31/1 13/32/13 12/33/12
f 1/34/1 14/35/14 13/36/13
f 1/37/1 15/38/15 14/39/14
f 1/40/1 16/41/16 15/42/15
f 1/43/1 17/44/17 16/45/16
f 1/46/1 18/47/18 17/48/17
f 1/49/1 19/50/19 18/51/18
f 1/52/1 20/53/20 19/54/19
f 1/55/1 21/56/21 20/57/20
f 1/58/1 22/59/22 21/60/21
f 1/61/1 23/62/23 22/63/22
f 1/64/1 24/65/24 23/66/23
f 1/67/1 25/68/25 24/69/24
f 1/70/1 26/71/26 25/72/25
f 1/73/1 27/74/27 26/75/26
f 1/76/1 28/77/28 27/78/27
f 1/79/1 29/80/29 28/81/28
f 1/82/1 30/83/30 29/84/29
f 1/85/1 31/86/31 30/87/30
f 1/88/1 2/89/2 31/90/31
f 2/91/2 3/92/3 32/93/32
f 32/94/32 3/95/3 33/96/33
f 3/97/3 4/98/4 33/99/33
f 33/100/33 4/101/4 34/102/34
f 4/103/4 5/104/5 34/105/34
f 34/106/34 5/107/5 35/108/35
f 5/109/5 6/110/6 35/111/35
f 35/112/35 6/113/6 36/114/36
f 6/115/6 7/116/7 36/117/36
f 36/118/36 7/119/7 37/120/37
f 7/121/7 8/122/8 37/123/37
f 37/124/37 8/125/8 38/126/38
f 8/127/8 9/128/9 38/129/38
f 38/130/38 9/131/9 39/132/39
f 9/133/9 10/134/10 39/135/39
f 39/136/39 10/137/10 40/138/40
f 10/139/10 11/140/11 40/141/40
f 40/142/40 11/143/11 41/144/41
f 11/145/11 12/146/12 41/147/41
f 41/148/41 12/149/12 42/150/42
f 12/151/12 13/152/13 42/153/42
f 42/154/42 13/155/13 43/156/43
f 13/157/13 14/158/14 43/159/43
f 43/160/43 14/161/14 44/162/44
f 14/163/14 15/164/15 44/165/44
f 44/166/44 15/167/15 45/168/45
f 15/169/15 16/170/16 45/171/45
f 45/172/45 16/173/16 46/174/46
f 16/175/16 17/176/17 46/177/46
f 46/178/46 17/179/17 47/180/47
f 17/181/17 18/182/18 47/183/47
f 47/184/47 18/185/18 48/186/48
f 18/187/18 19/188/19 48/189/48
f 48/190/48 19/191/19 49/192/49
f 19/193/19 20/194/20 49/195/49
f 49/196/49 20/197/20 50/198/50
f 20/199/20 21/200/21 50/201/50
f 50/202/50 21/203/21 51/204/51
f 21/205/21 22/206/22 51/207/51
f 51/208/51 22/209/22 52/210/52
f 22/211/22 23/212/23 52/213/52
f 52/214/52 23/215/23 53/216/53
f 23/217/23 24/218/24 53/219/53
f 53/220/53 24/221/24 54/222/54
f 24/223/24 25/224/25 54/225/54
f 54/226/54 25/227/25 55/228/55
f 25/229/25 26/230/26 55/231/55
f 55/232/55 26/233/26 56/234/56
f 26/235/26 27/236/27 56/237/56
f 56/238/56 27/239/27 57/240/57
f 27/241/27 28/242/28 57/243/57
f 57/244/57 28/245/28 58/246/58
f 28/247/28 29/248/29 58/249/58
f 58/250/58 29/251/29 59/252/59
f 29/253/29 30/254/30 59/255/59
f 59/256/59 30/257/30 60/258/60
f 30/259/30 31/260/31 60/261/60
f 60/262/60 31/263/31 61/264/61
f 31/265/31 2/266/2 61/267/61
f 61/268/61 2/269/2 32/270/32
f 32/271/32 33/272/33 62/273/62
f 62/274/62 33/275/33 63/276/63
f 33/277/33 34/278/34 63/279/63
f 63/280/63 34/281/34 64/282/64
f 34/283/34 35/284/35 64/285/64
f 64/286/64 35/287/35 65/288/65
f 35/289/35 36/290/36 65/291/65
f 65/292/65 36/293/36 66/294/66
f 36/295/36 37/296/37 66/297/66
f 66/298/66 37/299/37 67/300/67
f 37/301/37 38/302/38 67/303/67
f 67/304/67 38/305/38 68/306/68
f 38/307/38 39/308/39 68/309/68
f 68/310/68 39/311/39 69/312/69
f 39/313/39 40/314/40 69/315/69
f 69/316/69 40/317/40 70/318/70
f 40/319/40 41/320/41 70/321/70
f 70/322/70 41/323/41 71/324/71
f 41/325/41 42/326/42 71/327/71
f 71/328/71 42/329/42 72/330/72
f 42/331/42 43/332/43 72/333/72
f 72/334/72 43/335/43 73/336/73
f 43/337/43 44/338/44 73/339/73
f 73/340/73 44/341/44 74/342/74
f 44/343/44 45/344/45 74/345/74
f 74/346/74 45/347/45 75/348/75
f 45/349/45 46/350/46 75/351/75
f 75/352/75 46/353/46 76/354/76
f 46/355/46 47/356/47 76/357/76
f 76/358/76 47/359/47 77/360/77
f 47/361/47 48/362/48 77/363/77
f 77/364/77 48/365/48 78/366/78
f 48/367/48 49/368/49 78/369/78
f 78/370/78 49/371/49 79/372/79
f 49/373/49 50/374/50 79/375/79
f 79/376/79 50/377/50 80/378/80
f 50/379/50 51/380/51 80/381/80
f 80/382/80 51/383/51 81/384/81
f 51/385/51 52/386/52 81/387/81
f 81/388/81 52/389/52 82/390/82
f 52/391/52 53/392/53 82/393/82
f 82/394/82 53/395/53 83/396/83
f 53/397/53 54/398/54 83/399/83
f 83/400/83 54/401/54 84/402/84
f 54/403/54 55/404/55 84/405/84
f 84/406/84 55/407/55 85/408/85
f 55/409/55 56/410/56 85/411/85
f 85/412/85 56/413/56 86/414/86
f 56/415/56 57/416/57 86/417/86
f 86/418/86 57/419/57 87/420/87
f 57/421/57 58/422/58 87/423/87
f 87/424/87 58/425/58 88/426/88
f 58/427/58 59/428/59 88/429/88
f 88/430/88 59/431/59 89/432/89
f 59/433/59 60/434/60 89/435/89
f 89/436/89 60/437/60 90/438/90
f 60/439/60 61/440/61 90/441/90
f 90/442/90 61/443/61 91/444/91
f 61/445/61 32/446/32 91/447/91
f 91/448/91 32/449/32 62/450/62
f 62/451/62 63/452/63 92/453/92
f 92/454/92 63/455/63 93/456/93
f 63/457/63 64/458/64 93/459/93
f 93/460/93 64/461/64 94/462/94
f 64/463/64 65/464/65 94/465/94
f 94/466/94 65/467/65 95/468/95
f 65/469/65 66/470/66 95/471/95
f 95/472/95 66/473/66 96/474/96
f 66/475/66 67/476/67 96/477/96
f 96/478/96 67/479/67 97/480/97
f 67/481/67 68/482/68 97/483/97
f 97/484/97 68/485/68 98/486/98
f 68/487/68 69/488/69 98/489/98
f 98/490/98 69/491/69 99/492/99
f 69/493/69 70/494/70 99/495/99
f 99/496/99 70/497/70 100/498/100
f 70/499/70 71/500/71 100/501/100
f 100/502/100 71/503/71 101/504/101
f 71/505/71 72/506/72 101/507/101
f 101/508/101 72/509/72 102/510/102
f 72/511/72 73/512/73 102/513/102
f 102/514/102 73/515/73 103/516/103
f 73/517/73 74/518/74 103/519/103
f 103/520/103 74/521/74 104/522/104
f 74/523/74 75/524/75 104/525/104
f 104/526/104 75/527/75 105/528/105
f 75/529/75 76/530/76 105/531/105
f 105/532/105 76/533/76 106/534/106
f 76/535/76 77/536/77 106/537/106
f 106/538/106 77/539/77 107/540/107
f 77/541/77 78/542/78 107/543/107
f 107/544/107 78/545/78 108/546/108
f 78/547/78 79/548/79 108/549/108
f 108/550/108 79/551/79 109/552/109
f 79/553/79 80/554/80 109/555/109
f 109/556/109 80/557/80 110/558/110
f 80/559/80 81/560/81 110/561/110
f 110/562/110 81/563/81 111/564/111
f 81/565/81 82/566/82 111/567/111
f 111/568/111 82/569/82 112/570/112
f 82/571/82 83/572/83 112/573/112
f 112/574/112 83/575/83 113/576/113
f 83/577/83 84/578/84 113/579/113
f 113/580/113 84/581/84 114/582/114
f 84/583/84 85/584/85 114/585/114
f 114/586/114 85/587/85 115/588/115
f 85/589/85 86/590/86 115/591/115
f 115/592/115 86/593/86 116/594/116
f 86/595/86 87/596/87 116/597/116
f 116/598/116 87/599/87 117/600/117
f 87/601/87 88/602/88 117/603/117
f 117/604/117 88/605/88 118/606/118
f 88/607/88 89/608/89 118/609/118
f 118/610/118 89/611/89 119/612/119
f 89/613/89 90/614/90 119/615/119
f 119/616/119 90/617/90 120/618/120
f 90/619/90 91/620/91 120/621/120
f 120/622/120 91/623/91 121/624/121
f 91/625/91 62/626/62 121/627/121
f 121/628/121 62/629/62 92/630/92
f 92/631/92 93/632/93 122/633/122
f 122/634/122 93/635/93 123/636/123
f 93/637/93 94/638/94 123/639/123
f 123/640/123 94/641/94 124/642/124
f 94/643/94 95/644/95 124/645/124
f 124/646/124 95/647/95 125/648/125
f 95/649/95 96/650/96 125/651/125
f 125/652/125 96/653/96 126/654/126
f 96/655/96 97/656/97 126/657/126
f 126/658/126 97/659/97 127/660/127
f 97/661/97 98/662/98 127/663/127
f 127/664/127 98/665/98 128/666/128
f 98/667/98 99/668/99 128/669/128
f 128/670/128 99/671/99 129/672/129
f 99/673/99 100/674/100 129/675/129
f 129/676/129 100/677/100 130/678/130
f 100/679/100 101/680/101 130/681/130
f 130/682/130 101/683/101 131/684/131
f 101/685/101 102/686/102 131/687/131
f 131/688/131 102/689/102 132/690/132
f 102/691/102 103/692/103 132/693/132
f 132/694/132 103/695/103 133/696/133
f 103/697/103 104/698/104 133/699/133
f 133/700/133 104/701/104 134/702/134
f 104/703/104 105/704/105 134/705/134
f 134/706/134 105/707/105 135/708/135
f 105/709/105 106/710/106 135/711/135
f 135/712/135 106/713/106 136/714/136
f 106/715/106 107/716/107 136/717/136
f 136/718/136 107/719/107 137/720/137
f 107/721/107 108/722/108 137/723/137
f 137/724/137 108/725/108 138/726/138
f 108/727/108 109/728/109 138/729/138
f 138/730/138 109/731/109 139/732/139
f 109/733/109 110/734/110 139/735/139
f 139/736/139 110/737/110 140/738/140
f 110/739/110 111/740/111 140/741/140
f 140/742/140 111/743/111 141/744/141
f 111/745/111 112/746/112 141/747/141
f 141/748/141 112/749/112 142/750/142
f 112/751/112 113/752/113 142/753/142
f 142/754/142 113/755/113 143/756/143
f 113/757/113 114/758/114 143/759/143
f 143/760/143 114/761/114 144/762/144
f 114/763/114 115/764/115 144/765/144
f 144/766/144 115/767/115 145/768/145
f 115/769/115 116/770/116 145/771/145
f 145/772/145 116/773/116 146/774/146
f 116/775/116 117/776/117 146/777/146
f 146/778/146 117/779/117 147/780/147
f 117/781/117 118/782/118 147/783/147
f 147/784/147 118/785/118 148/786/148
f 118/787/118 119/788/119 148/789/148
f 148/790/148 119/791/119 149/792/149
f 119/793/119 120/794/120 149/795/149
f 149/796/149 120/797/120 150/798/150
f 120/799/120 121/800/121 150/801/150
f 150/802/150 121/803/121 151/804/151
f 121/805/121 92/806/92 151/807/151
f 151/808/151 92/809/92 122/810/122
f 122/811/122 123/812/123 152/813/152
f 152/814/152 123/815/123 153/816/153
f 123/817/123 124/818/124 153/819/153
f 153/820/153 124/821/124 154/822/154
f 124/823/124 125/824/125 154/825/154
f 154/826/154 125/827/125 155/828/155
f 125/829/125 126/830/126 155/831/155
f 155/832/155 126/833/126 156/834/156
f 126/835/126 127/836/127 156/837/156
f 156/838/156 127/839/127 157/840/157
f 127/841/127 128/842/128 157/843/157
f 157/844/157 128/845/128 158/846/158
f 128/847/128 129/848/129 158/849/158
f 158/850/158 129/851/129 159/852/159
f 129/853/129 130/854/130 159/855/159
f 159/856/159 130/857/130 160/858/160
f 130/859/130 131/860/131 160/861/160
f 160/862/160 131/863/131 161/864/161
f 131/865/131 132/866/132 161/867/161
f 161/868/161 132/869/132 162/870/162
f 132/871/132 133/872/133 162/873/162
f 162/874/162 133/875/133 163/876/163
f 133/877/133 134/878/134 163/879/163
f 163/880/163 134/881/134 164/882/164
f 134/883/134 135/884/135 164/885/164
f 164/886/164 135/887/135 165/888/165
f 135/889/135 136/890/136 165/891/165
f 165/892/165 136/893/136 166/894/166
f 136/895/136 137/896/137 166/897/166
f 166/898/166 137/899/137 167/900/167
f 137/901/137 138/902/138 167/903/167
f 167/904/167 138/905/138 168/906/168
f 138/907/138 139/908/139 168/909/168
f 168/910/168 139/911/139 169/912/169
f 139/913/139 140/914/140 169/915/169
f 169/916/169 140/917/140 170/918/170
f 140/919/140 141/920/141 170/921/170
f 170/922/170 141/923/141 171/924/171
f 141/925/141 142/926/142 171/927/171
f 171/928/171 142/929/142 172/930/172
f 142/931/142 143/932/143 172/933/172
f 172/934/172 143/935/143 173/936/173
f 143/937/143 144/938/144 173/939/173
f 173/940/173 144/941/144 174/942/174
f 144/943/144 145/944/145 174/945/174
f 174/946/174 145/947/145 175/948/175
f 145/949/145 146/950/146 175/951/175
f 175/952/175 146/953/146 176/954/176
f 146/955/146 147/956/147 176/957/176
f 176/958/176 147/959/147 177/960/177
f 147/961/147 148/962/148 177/963/177
f 177/964/177 148/965/148 178/966/178
f 148/967/148 149/968/149 178/969/178
f 178/970/178 149/971/149 179/972/179
f 149/973/149 150/974/150 179/975/179
f 179/976/179 150/977/150 180/978/180
f 150/979/150 151/980/151 180/981/180
f 180/982/180 151/983/151 181/984/181
f 151/985/151 122/986/122 181/987/181
f 181/988/181 122/989/122 152/990/152
f 152/991/152 153/992/153 182/993/182
f 182/994/182 153/995/153 183/996/183
f 153/997/153 154/998/154 183/999/183
f 183/1000/183 154/1001/154 184/1002/184
f 154/1003/154 155/1004/155 184/1005/184
f 184/1006/184 155/1007/155 185/1008/185
f 155/1009/155 156/1010/156 185/1011/185
f 185/1012/185 156/1013/156 186/1014/186
f 156/1015/156 157/1016/157 186/1017/186
f 186/1018/186 157/1019/157 187/1020/187
f 157/1021/157 158/1022/158 187/1023/187
f 187/1024/187 158/1025/158 188/1026/188
f 158/1027/158 159/1028/159 188/1029/188
f 188/1030/188 159/1031/159 189/1032/189
f 159/1033/159 160/1034/160 189/1035/189
f 189/1036/189 160/1037/160 190/1038/190
f 160/1039/160 161/1040/161 190/1041/190
f 190/1042/190 161/1043/161 191/1044/191
f 161/1045/161 162/1046/162 191/1047/191
f 191/1048/191 162/1049/162 192/1050/192
f 162/1051/162 163/1052/163 192/1053/192
f 192/1054/192 163/1055/163 193/1056/193
f 163/1057/163 164/1058/164 193/1059/193
f 193/1060/193 164/1061/164 194/1062/194
f 164/1063/164 165/1064/165 194/1065/194
f 194/1066/194 165/1067/165 195/1068/195
f 165/1069/165 166/1070/166 195/1071/195
f 195/1072/195 166/1073/166 196/1074/196
f 166/1075/166 167/1076/167 196/1077/196
f 196/1078/196 167/1079/167 197/1080/197
f 167/1081/167 168/1082/168 197/1083/197
f 197/1084/197 168/1085/168 198/1086/198
f 168/1087/168 169/1088/169 198/1089/198
f 198/1090/198 169/1091/169 199/1092/199
f 169/1093/169 170/1094/170 199/1095/199
f 199/1096/199 170/1097/170 200/1098/200
f 170/1099/170 171/1100/171 200/1101/200
f 200/1102/200 171/1103/171 201/1104/201
f 171/1105/171 172/1106/172 201/1107/201
f 201/1108/201 172/1109/172 202/1110/202
f 172/1111/172 173/1112/173 202/1113/202
f 202/1114/202 173/1115/173 203/1116/203
f 173/1117/173 174/1118/174 203/1119/203
f 203/1120/203 174/1121/174 204/1122/204
f 174/1123/174 175/1124/175 204/1125/204
f 204/1126/204 175/1127/175 205/1128/205
f 175/1129/175 176/1130/176 205/1131/205
f 205/1132/205 176/1133/176 206/1134/206
f 176/1135/176 177/1136/177 206/1137/206
f 206/1138/206 177/1139/177 207/1140/207
f 177/1141/177 178/1142/178 207/1143/207
f 207/1144/207 178/1145/178 208/1146/208
f 178/1147/178 179/1148/179 208/1149/208
f 208/1150/208 179/1151/179 209/1152/209
f 179/1153/179 180/1154/180 209/1155/209
f 209/1156/209 180/1157/180 210/1158/210
f 180/1159/180 181/1160/181 210/1161/210
f 210/1162/210 181/1163/181 211/1164/211
f 181/1165/181 152/1166/152 211/1167/211
f 211/1168/211 152/1169/152 182/1170/182
f 182/1171/182 183/1172/183 212/1173/212
f 212/1174/212 183/1175/183 213/1176/213
f 183/1177/183 184/1178/184 213/1179/213
f 213/1180/213 184/1181/184 214/1182/214
f 184/1183/184 185/1184/185 214/1185/214
f 214/1186/214 185/1187/185 215/1188/215
f 185/1189/185 186/1190/186 215/1191/215
f 215/1192/215 186/1193/186 216/1194/216
f 186/1195/186 187/1196/187 216/1197/216
f 216/1198/216 187/1199/187 217/1200/217
f 187/1201/187 188/1202/188 217/1203/217
f 217/1204/217 188/1205/188 218/1206/218
f 188/1207/188 189/1208/189 218/1209/218
f 218/1210/218 189/1211/189 219/1212/219
f 189/1213/189 190/1214/190 219/1215/219
f 219/1216/219 190/1217/190 220/1218/220
f 190/1219/190 191/1220/191 220/1221/220
f 220/1222/220 191/1223/191 221/1224/221
f 191/1225/191 192/1226/192 221/1227/221
f 221/1228/221 192/1229/192 222/1230/222
f 192/1231/192 193/1232/193 222/1233/222
f 222/1234/222 193/1235/193 223/1236/223
f 193/1237/193 194/1238/194 223/1239/223
f 223/1240/223 194/1241/194 224/1242/224
f 194/1243/194 195/1244/195 224/1245/224
f 224/1246/224 195/1247/195 225/1248/225
f 195/1249/195 196/1250/196 225/1251/225
f 225/1252/225 196/1253/196 226/1254/226
f 196/1255/196 197/1256/197 226/1257/226
f 226/1258/226 197/1259/197 227/1260/227
f 197/1261/197 198/1262/198 227/1263/227
f 227/1264/227 198/1265/198 228/1266/228
f 198/1267/198 199/1268/199 228/1269/228
f 228/1270/228 199/1271/199 229/1272/229
f 199/1273/199 200/1274/200 229/1275/229
f 229/1276/229 200/1277/200 230/1278/230
f 200/1279/200 201/1280/201 230/1281/230
f 230/1282/230 201/1283/201 231/1284/231
f 201/1285/201 202/1286/202 231/1287/231
f 231/1288/231 202/1289/202 232/1290/232
f 202/1291/202 203/1292/203 232/1293/232
f 232/1294/232 203/1295/203 233/1296/233
f 203/1297/203 204/1298/204 233/1299/233
f 233/1300/233 204/1301/204 234/1302/234
f 204/1303/204 205/1304/205 234/1305/234
f 234/1306/234 205/1307/205 235/1308/235
f 205/1309/205 206/1310/206 235/1311/235
f 235/1312/235 206/1313/206 236/1314/236
f 206/1315/206 207/1316/207 236/1317/236
f 236/1318/236 207/1319/207 237/1320/237
f 207/1321/207 208/1322/208 237/1323/237
f 237/1324/237 208/1325/208 238/1326/238
f 208/1327/208 209/1328/209 238/1329/238
f 238/1330/238 209/1331/209 239/1332/239
f 209/1333/209 210/1334/210 239/1335/239
f 239/1336/239 210/1337/210 240/1338/240
f 210/1339/210 211/1340/211 240/1341/240
f 240/1342/240 211/1343/211 241/1344/241
f 211/1345/211 182/1346/182 241/1347/241
f 241/1348/241 182/1349/182 212/1350/212
f 212/1351/212 213/1352/213 242/1353/242
f 242/1354/242 213/1355/213 243/1356/243
f 213/1357/213 214/1358/214 243/1359/243
f 243/1360/243 214/1361/214 244/1362/244
f 214/1363/214 215/1364/215 244/1365/244
f 244/1366/244 215/1367/215 245/1368/245
f 215/1369/215 216/1370/216 245/1371/245
f 245/1372/245 216/1373/216 246/1374/246
f 216/1375/216 217/1376/217 246/1377/246
f 246/1378/246 217/1379/217 247/1380/247
f 217/1381/217 218/1382/218 247/1383/247
f 247/1384/247 218/1385/218 248/1386/248
f 218/1387/218 219/1388/219 248/1389/248
f 248/1390/248 219/1391/219 249/1392/249
f 219/1393/219 220/1394/220 249/1395/249
f 249/1396/249 220/1397/220 250/1398/250
f 220/1399/220 221/1400/221 250/1401/250
f 250/1402/250 221/1403/221 251/1404/251
f 221/1405/221 222/1406/222 251/1407/251
f 251/1408/251 222/1409/222 252/1410/252
f 222/1411/222 223/1412/223 252/1413/252
f 252/1414/252 223/1415/223 253/1416/253
f 223/1417/223 224/1418/224 253/1419/253
f 253/1420/253 224/1421/224 254/1422/254
f 224/1423/224 225/1424/225 254/1425/254
f 254/1426/254 225/1427/225 255/1428/255
f 225/1429/225 226/1430/226 255/1431/255
f 255/1432/255 226/1433/226 256/1434/256
f 226/1435/226 227/1436/227 256/1437/256
f 256/1438/256 227/1439/227 257/1440/257
f 227/1441/227 228/1442/228 257/1443/257
f 257/1444/257 228/1445/228 258/1446/258
f 228/1447/228 229/1448/229 258/1449/258
f 258/1450/258 229/1451/229 259/1452/259
f 229/1453/229 230/1454/230 259/1455/259
f 259/1456/259 230/1457/230 260/1458/260
f 230/1459/230 231/1460/231 260/1461/260
f 260/1462/260 231/1463/231 261/1464/261
f 231/1465/231 232/1466/232 261/1467/261
f 261/1468/261 232/1469/232 262/1470/262
f 232/1471/232 233/1472/233 262/1473/262
f 262/1474/262 233/1475/233 263/1476/263
f 233/1477/233 234/1478/234 263/1479/263
f 263/1480/263 234/1481/234 264/1482/264
f 234/1483/234 235/1484/235 264/1485/264
f 264/1486/264 235/1487/235 265/1488/265
f 235/1489/235 236/1490/236 265/1491/265
f 265/1492/265 236/1493/236 266/1494/266
f 236/1495/236 237/1496/237 266/1497/266
f 266/1498/266 237/1499/237 267/1500/267
f 237/1501/237 238/1502/238 267/1503/267
f 267/1504/267 238/1505/238 268/1506/268
f 238/1507/238 239/1508/239 268/1509/268
f 268/1510/268 239/1511/239 269/1512/269
f 239/1513/239 240/1514/240 269/1515/269
f 269/1516/269 240/1517/240 270/1518/270
f 240/1519/240 241/1520/241 270/1521/270
f 270/1522/270 241/1523/241 271/1524/271
f 241/1525/241 212/1526/212 271/1527/271
f 271/1528/271 212/1529/212 242/1530/242
f 242/1531/242 243/1532/243 272/1533/272
f 272/1534/272 243/1535/243 273/1536/273
f 243/1537/243 244/1538/244 273/1539/273
f 273/1540/273 244/1541/244 274/1542/274
f 244/1543/244 245/1544/245 274/1545/274
f 274/1546/274 245/1547/245 275/1548/275
f 245/1549/245 246/1550/246 275/1551/275
f 275/1552/275 246/1553/246 276/1554/276
f 246/1555/246 247/1556/247 276/1557/276
f 276/1558/276 247/1559/247 277/1560/277
f 247/1561/247 248/1562/248 277/1563/277
f 277/1564/277 248/1565/248 278/1566/278
f 248/1567/248 249/1568/249 278/1569/278
f 278/1570/278 249/1571/249 279/1572/279
f 249/1573/249 250/1574/250 279/1575/279
f 279/1576/279 250/1577/250 280/1578/280
f 250/1579/250 251/1580/251 280/1581/280
f 280/1582/280 251/1583/251 281/1584/281
f 251/1585/251 252/1586/252 281/1587/281
f 281/1588/281 252/1589/252 282/1590/282
f 252/1591/252 253/1592/253 282/1593/282
f 282/1594/282 253/1595/253 283/1596/283
f 253/1597/253 254/1598/254 283/1599/283
f 283/1600/283 254/1601/254 284/1602/284
f 254/1603/254 255/1604/255 284/1605/284
f 284/1606/284 255/1607/255 285/1608/285
f 255/1609/255 256/1610/256 285/1611/285
f 285/1612/285 256/1613/256 286/1614/286
f 256/1615/256 257/1616/257 286/1617/286
f 286/1618/286 257/1619/257 287/1620/287
f 257/1621/257 258/1622/258 287/1623/287
f 287/1624/287 258/1625/258 288/1626/288
f 258/1627/258 259/1628/259 288/1629/288
f 288/1630/288 259/1631/259 289/1632/289
f 259/1633/259 260/1634/260 289/1635/289
f 289/1636/289 260/1637/260 290/1638/290
f 260/1639/260 261/1640/261 290/1641/290
f 290/1642/290 261/1643/261 291/1644/291
f 261/1645/261 262/1646/262 291/1647/291
f 291/1648/291 262/1649/262 292/1650/292
f 262/1651/262 263/1652/263 292/1653/292
f 292/1654/292 263/1655/263 293/1656/293
f 263/1657/263 264/1658/264 293/1659/293
f 293/1660/293 264/1661/264 294/1662/294
f 264/1663/264 265/1664/265 294/1665/294
f 294/1666/294 265/1667/265 295/1668/295
f 265/1669/265 266/1670/266 295/1671/295
f 295/1672/295 266/1673/266 296/1674/296
f 266/1675/266 267/1676/267 296/1677/296
f 296/1678/296 267/1679/267 297/1680/297
f 267/1681/267 268/1682/268 297/1683/297
f 297/1684/297 268/1685/268 298/1686/298
f 268/1687/268 269/1688/269 298/1689/298
f 298/1690/298 269/1691/269 299/1692/299
f 269/1693/269 270/1694/270 299/1695/299
f 299/1696/299 270/1697/270 300/1698/300
f 270/1699/270 271/1700/271 300/1701/300
f 300/1702/300 271/1703/271 301/1704/301
f 271/1705/271 242/1706/242 301/1707/301
f 301/1708/301 242/1709/242 272/1710/272
f 272/1711/272 273/1712/273 302/1713/302
f 302/1714/302 273/1715/273 303/1716/303
f 273/1717/273 274/1718/274 303/1719/303
f 303/1720/303 274/1721/274 304/1722/304
f 274/1723/274 275/1724/275 304/1725/304
f 304/1726/304 275/1727/275 305/1728/305
f 275/1729/275 276/1730/276 305/1731/305
f 305/1732/305 276/1733/276 306/1734/306
f 276/1735/276 277/1736/277 306/1737/306
f 306/1738/306 277/1739/277 307/1740/307
f 277/1741/277 278/1742/278 307/1743/307
f 307/1744/307 278/1745/278 308/1746/308
f 278/1747/278 279/1748/279 308/1749/308
f 308/1750/308 279/1751/279 309/1752/309
f 279/1753/279 280/1754/280 309/1755/309
f 309/1756/309 280/1757/280 310/1758/310
f 280/1759/280 281/1760/281 310/1761/310
f 310/1762/310 281/1763/281 311/1764/311
f 281/1765/281 282/1766/282 311/1767/311
f 311/1768/311 282/1769/282 312/1770/312
f 282/1771/282 283/1772/283 312/1773/312
f 312/1774/312 283/1775/283 313/1776/313
f 283/1777/283 284/1778/284 313/1779/313
f 313/1780/313 284/1781/284 314/1782/314
f 284/1783/284 285/1784/285 314/1785/314
f 314/1786/314 285/1787/285 315/1788/315
f 285/1789/285 286/1790/286 315/1791/315
f 315/1792/315 286/1793/286 316/1794/316
f 286/1795/286 287/1796/287 316/1797/316
f 316/1798/316 287/1799/287 317/1800/317
f 287/1801/287 288/1802/288 317/1803/317
f 317/1804/317 288/1805/288 318/1806/318
f 288/1807/288 289/1808/289 318/1809/318
f 318/1810/318 289/1811/289 319/1812/319
f 289/1813/289 290/1814/290 319/1815/319
f 319/1816/319 290/1817/290 320/1818/320
f 290/1819/290 291/1820/291 320/1821/320
f 320/1822/320 291/1823/291 321/1824/321
f 291/1825/291 292/1826/292 321/1827/321
f 321/1828/321 292/1829/292 322/1830/322
f 292/1831/292 293/1832/293 322/1833/322
f 322/1834/322 293/1835/293 323/1836/323
f 293/1837/293 294/1838/294 323/1839/323
f 323/1840/323 294/1841/294 324/1842/324
f 294/1843/294 295/1844/295 324/1845/324
f 324/1846/324 295/1847/295 325/1848/325
f 295/1849/295 296/1850/296 325/1851/325
f 325/1852/325 296/1853/296 326/1854/326
f 296/1855/296 297/1856/297 326/1857/326
f 326/1858/326 297/1859/297 327/1860/327
f 297/1861/297 298/1862/298 327/1863/327
f 327/1864/327 298/1865/298 328/1866/328
f 298/1867/298 299/1868/299 328/1869/328
f 328/1870/328 299/1871/299 329/1872/329
f 299/1873/299 300/1874/300 329/1875/329
f 329/1876/329 300/1877/300 330/1878/330
f 300/1879/300 301/1880/301 330/1881/330
f 330/1882/330 301/1883/301 331/1884/331
f 301/1885/301 272/1886/272 331/1887/331
f 331/1888/331 272/1889/272 302/1890/302
f 302/1891/302 303/1892/303 332/1893/332
f 332/1894/332 303/1895/303 333/1896/333
f 303/1897/303 304/1898/304 333/1899/333
f 333/1900/333 304/1901/304 334/1902/334
f 304/1903/304 305/1904/305 334/1905/334
f 334/1906/334 305/1907/305 335/1908/335
f 305/1909/305 306/1910/306 335/1911/335
f 335/1912/335 306/1913/306 336/1914/336
f 306/1915/306 307/1916/307 336/1917/336
f 336/1918/336 307/1919/307 337/1920/337
f 307/1921/307 308/1922/308 337/1923/337
f 337/1924/337 308/1925/308 338/1926/338
f 308/1927/308 309/1928/309 338/1929/338
f 338/1930/338 309/1931/309 339/1932/339
f 309/1933/309 310/1934/310 339/1935/339
f 339/1936/339 310/1937/310 340/1938/340
f 310/1939/310 311/1940/311 340/1941/340
f 340/1942/340 311/1943/311 341/1944/341
f 311/1945/311 312/1946/312 341/1947/341
f 341/1948/341 312/1949/312 342/1950/342
f 312/1951/312 313/1952/313 342/1953/342
f 342/1954/342 313/1955/313 343/1956/343
f 313/1957/313 314/1958/314 343/1959/343
f 343/1960/343 314/1961/314 344/1962/344
f 314/1963/314 315/1964/315 344/1965/344
f 344/1966/344 315/1967/315 345/1968/345
f 315/1969/315 316/1970/316 345/1971/345
f 345/1972/345 316/1973/316 346/1974/346
f 316/1975/316 317/1976/317 346/1977/346
f 346/1978/346 317/1979/317 347/1980/347
f 317/1981/317 318/1982/318 347/1983/347
f 347/1984/347 318/1985/318 348/1986/348
f 318/1987/318 319/1988/319 348/1989/348
f 348/1990/348 319/1991/319 349/1992/349
f 319/1993/319 320/1994/320 349/1995/349
f 349/1996/349 320/1997/320 350/1998/350
f 320/1999/320 321/2000/321 350/2001/350
f 350/2002/350 321/2003/321 351/2004/351
f 321/2005/321 322/2006/322 351/2007/351
f 351/2008/351 322/2009/322 352/2010/352
f 322/2011/322 323/2012/323 352/2013/352
f 352/2014/352 323/2015/323 353/2016/353
f 323/2017/323 324/2018/324 353/2019/353
f 353/2020/353 324/2021/324 354/2022/354
f 324/2023/324 325/2024/325 354/2025/354
f 354/2026/354 325/2027/325 355/2028/355
f 325/2029/325 326/2030/326 355/2031/355
f 355/2032/355 326/2033/326 356/2034/356
f 326/2035/326 327/2036/327 356/2037/356
f 356/2038/356 327/2039/327 357/2040/357
f 327/2041/327 328/2042/328 357/2043/357
f 357/2044/357 328/2045/328 358/2046/358
f 328/2047/328 329/2048/329 358/2049/358
f 358/2050/358 329/2051/329 359/2052/359
f 329/2053/329 330/2054/330 359/2055/359
f 359/2056/359 330/2057/330 360/2058/360
f 330/2059/330 331/2060/331 360/2061/360
f 360/2062/360 331/2063/331 361/2064/361
f 331/2065/331 302/2066/302 361/2067/361
f 361/2068/361 302/2069/302 332/2070/332
f 332/2071/332 333/2072/333 362/2073/362
f 362/2074/362 333/2075/333 363/2076/363
f 333/2077/333 334/2078/334 363/2079/363
f 363/2080/363 334/2081/334 364/2082/364
f 334/2083/334 335/2084/335 364/2085/364
f 364/2086/364 335/2087/335 365/2088/365
f 335/2089/335 336/2090/336 365/2091/365
f 365/2092/365 336/2093/336 366/2094/366
f 336/2095/336 337/2096/337 366/2097/366
f 366/2098/366 337/2099/337 367/2100/367
f 337/2101/337 338/2102/338 367/2103/367
f 367/2104/367 338/2105/338 368/2106/368
f 338/2107/338 339/2108/339 368/2109/368
f 368/2110/368 339/2111/339 369/2112/369
f 339/2113/339 340/2114/340 369/2115/369
f 369/2116/369 340/2117/340 370/2118/370
f 340/2119/340 341/2120/341 370/2121/370
f 370/2122/370 341/2123/341 371/2124/371
f 341/2125/341 342/2126/342 371/2127/371
f 371/2128/371 342/2129/342 372/2130/372
f 342/2131/342 343/2132/343 372/2133/372
f 372/2134/372 343/2135/343 373/2136/373
f 343/2137/343 344/2138/344 373/2139/373
f 373/2140/373 344/2141/344 374/2142/374
f 344/2143/344 345/2144/345 374/2145/374
f 374/2146/374 345/2147/345 375/2148/375
f 345/2149/345 346/2150/346 375/2151/375
f 375/2152/375 346/2153/346 376/2154/376
f 346/2155/346 347/2156/347 376/2157/376
f 376/2158/376 347/2159/347 377/2160/377
f 347/2161/347 348/2162/348 377/2163/377
f 377/2164/377 348/2165/348 378/2166/378
f 348/2167/348 349/2168/349 378/2169/378
f 378/2170/378 349/2171/349 379/2172/379
f 349/2173/349 350/2174/350 379/2175/379
f 379/2176/379 350/2177/350 380/2178/380
f 350/2179/350 351/2180/351 380/2181/380
f 380/2182/380 351/2183/351 381/2184/381
f 351/2185/351 352/2186/352 381/2187/381
f 381/2188/381 352/2189/352 382/2190/382
f 352/2191/352 353/2192/353 382/2193/382
f 382/2194/382 353/2195/353 383/2196/383
f 353/2197/353 354/2198/354 383/2199/383
f 383/2200/383 354/2201/354 384/2202/384
f 354/2203/354 355/2204/355 384/2205/384
f 384/2206/384 355/2207/355 385/2208/385
f 355/2209/355 356/2210/356 385/2211/385
f 385/2212/385 356/2213/356 386/2214/386
f 356/2215/356 357/2216/357 386/2217/386
f 386/2218/386 357/2219/357 387/2220/387
f 357/2221/357 358/2222/358 387/2223/387
f 387/2224/387 358/2225/358 388/2226/388
f 358/2227/358 359/2228/359 388/2229/388
f 388/2230/388 359/2231/359 389/2232/389
f 359/2233/359 360/2234/360 389/2235/389
f 389/2236/389 360/2237/360 390/2238/390
f 360/2239/360 361/2240/361 390/2241/390
f 390/2242/390 361/2243/361 391/2244/391
f 361/2245/361 332/2246/332 391/2247/391
f 391/2248/391 332/2249/332 362/2250/362
f 362/2251/362 363/2252/363 392/2253/392
f 392/2254/392 363/2255/363 393/2256/393
f 363/2257/363 364/2258/364 393/2259/393
f 393/2260/393 364/2261/364 394/2262/394
f 364/2263/364 365/2264/365 394/2265/394
f 394/2266/394 365/2267/365 395/2268/395
f 365/2269/365 366/2270/366 395/2271/395
f 395/2272/395 366/2273/366 396/2274/396
f 366/2275/366 367/2276/367 396/2277/396
f 396/2278/396 367/2279/367 397/2280/397
f 367/2281/367 368/2282/368 397/2283/397
f 397/2284/397 368/2285/368 398/2286/398
f 368/2287/368 369/2288/369 398/2289/398
f 398/2290/398 369/2291/369 399/2292/399
f 369/2293/369 370/2294/370 399/2295/399
f 399/2296/399 370/2297/370 400/2298/400
f 370/2299/370 371/2300/371 400/2301/400
f 400/2302/400 371/2303/371 401/2304/401
f 371/2305/371 372/2306/372 401/2307/401
f 401/2308/401 372/2309/372 402/2310/402
f 372/2311/372 373/2312/373 402/2313/402
f 402/2314/402 373/2315/373 403/2316/403
f 373/2317/373 374/2318/374 403/2319/403
f 403/2320/403 374/2321/374 404/2322/404
f 374/2323/374 375/2324/375 404/2325/404
f 404/2326/404 375/2327/375 405/2328/405
f 375/2329/375 376/2330/376 405/2331/405
f 405/2332/405 376/2333/376 406/2334/406
f 376/2335/376 377/2336/377 406/2337/406
f 406/2338/406 377/2339/377 407/2340/407
f 377/2341/377 378/2342/378 407/2343/407
f 407/2344/407 378/2345/378 408/2346/408
f 378/2347/378 379/2348/379 408/2349/408
f 408/2350/408 379/2351/379 409/2352/409
f 379/2353/379 380/2354/380 409/2355/409
f 409/2356/409 380/2357/380 410/2358/410
f 380/2359/380 381/2360/381 410/2361/410
f 410/2362/410 381/2363/381 411/2364/411
f 381/2365/381 382/2366/382 411/2367/411
f 411/2368/411 382/2369/382 412/2370/412
f 382/2371/382 383/2372/383 412/2373/412
f 412/2374/412 383/2375/383 413/2376/413
f 383/2377/383 384/2378/384 413/2379/413
f 413/2380/413 384/2381/384 414/2382/414
f 384/2383/384 385/2384/385 414/2385/414
f 414/2386/414 385/2387/385 415/2388/415
f 385/2389/385 386/2390/386 415/2391/415
f 415/2392/415 386/2393/386 416/2394/416
f 386/2395/386 387/2396/387 416/2397/416
f 416/2398/416 387/2399/387 417/2400/417
f 387/2401/387 388/2402/388 417/2403/417
f 417/2404/417 388/2405/388 418/2406/418
f 388/2407/388 389/2408/389 418/2409/418
f 418/2410/418 389/2411/389 419/2412/419
f 389/2413/389 390/2414/390 419/2415/419
f 419/2416/419 390/2417/390 420/2418/420
f 390/2419/390 391/2420/391 420/2421/420
f 420/2422/420 391/2423/391 421/2424/421
f 391/2425/391 362/2426/362 421/2427/421
f 421/2428/421 362/2429/362 392/2430/392
f 392/2431/392 393/2432/393 422/2433/422
f 422/2434/422 393/2435/393 423/2436/423
f 393/2437/393 394/2438/394 423/2439/423
f 423/2440/423 394/2441/394 424/2442/424
f 394/2443/394 395/2444/395 424/2445/424
f 424/2446/424 395/2447/395 425/2448/425
f 395/2449/395 396/2450/396 425/2451/425
f 425/2452/425 396/2453/396 426/2454/426
f 396/2455/396 397/2456/397 426/2457/426
f 426/2458/426 397/2459/397 427/2460/427
f 397/2461/397 398/2462/398 427/2463/427
f 427/2464/427 398/2465/398 428/2466/428
f 398/2467/398 399/2468/399 428/2469/428
f 428/2470/428 399/2471/399 429/2472/429
f 399/2473/399 400/2474/400 429/2475/429
f 429/2476/429 400/2477/400 430/2478/430
f 400/2479/400 401/2480/401 430/2481/430
f 430/2482/430 401/2483/401 431/2484/431
f 401/2485/401 402/2486/402 431/2487/431
f 431/2488/431 402/2489/402 432/2490/432
f 402/2491/402 403/2492/403 432/2493/432
f 432/2494/432 403/2495/403 433/2496/433
f 403/2497/403 404/2498/404 433/2499/433
f 433/2500/433 404/2501/404 434/2502/434
f 404/2503/404 405/2504/405 434/2505/434
f 434/2506/434 405/2507/405 435/2508/435
f 405/2509/405 406/2510/406 435/2511/435
f 435/2512/435 406/2513/406 436/2514/436
f 406/2515/406 407/2516/407 436/2517/436
f 436/2518/436 407/2519/407 437/2520/437
f 407/2521/407 408/2522/408 437/2523/437
f 437/2524/437 408/2525/408 438/2526/438
f 408/2527/408 409/2528/409 438/2529/438
f 438/2530/438 409/2531/409 439/2532/439
f 409/2533/409 410/2534/410 439/2535/439
f 439/2536/439 410/2537/410 440/2538/440
f 410/2539/410 411/2540/411 440/2541/440
f 440/2542/440 411/2543/411 441/2544/441
f 411/2545/411 412/2546/412 441/2547/441
f 441/2548/441 412/2549/412 442/2550/442
f 412/2551/412 413/2552/413 442/2553/442
f 442/2554/442 413/2555/413 443/2556/443
f 413/2557/413 414/2558/414 443/2559/443
f 443/2560/443 414/2561/414 444/2562/444
f 414/2563/414 415/2564/415 444/2565/444
f 444/2566/444 415/2567/415 445/2568/445
f 415/2569/415 416/2570/416 445/2571/445
f 445/2572/445 416/2573/416 446/2574/446
f 416/2575/416 417/2576/417 446/2577/446
f 446/2578/446 417/2579/417 447/2580/447
f 417/2581/417 418/2582/418 447/2583/447
f 447/2584/447 418/2585/418 448/2586/448
f 418/2587/418 419/2588/419 448/2589/448
f 448/2590/448 419/2591/419 449/2592/449
f 419/2593/419 420/2594/420 449/2595/449
f 449/2596/449 420/2597/420 450/2598/450
f 420/2599/420 421/2600/421 450/2601/450
f 450/2602/450 421/2603/421 451/2604/451
f 421/2605/421 392/2606/392 451/2607/451
f 451/2608/451 392/2609/392 422/2610/422
f 422/2611/422 423/2612/423 452/2613/452
f 452/2614/452 423/2615/423 453/2616/453
f 423/2617/423 424/2618/424 453/2619/453
f 453/2620/453 424/2621/424 454/2622/454
f 424/2623/424 425/2624/425 454/2625/454
f 454/2626/454 425/2627/425 455/2628/455
f 425/2629/425 426/2630/426 455/2631/455
f 455/2632/455 426/2633/426 456/2634/456
f 426/2635/426 427/2636/427 456/2637/456
f 456/2638/456 427/2639/427 457/2640/457
f 427/2641/427 428/2642/428 457/2643/457
f 457/2644/457 428/2645/428 458/2646/458
f 428/2647/428 429/2648/429 458/2649/458
f 458/2650/458 429/2651/429 459/2652/459
f 429/2653/429 430/2654/430 459/2655/459
f 459/2656/459 430/2657/430 460/2658/460
f 430/2659/430 431/2660/431 460/2661/460
f 460/2662/460 431/2663/431 461/2664/461
f 431/2665/431 432/2666/432 461/2667/461
f 461/2668/461 432/2669/432 462/2670/462
f 432/2671/432 433/2672/433 462/2673/462
f 462/2674/462 433/2675/433 463/2676/463
f 433/2677/433 434/2678/434 463/2679/463
f 463/2680/463 434/2681/434 464/2682/464
f 434/2683/434 435/2684/435 464/2685/464
f 464/2686/464 435/2687/435 465/2688/465
f 435/2689/435 436/2690/436 465/2691/465
f 465/2692/465 436/2693/436 466/2694/466
f 436/2695/436 437/2696/437 466/2697/466
f 466/2698/466 437/2699/437 467/2700/467
f 437/2701/437 438/2702/438 467/2703/467
f 467/2704/467 438/2705/438 468/2706/468
f 438/2707/438 439/2708/439 468/2709/468
f 468/2710/468 439/2711/439 469/2712/469
f 439/2713/439 440/2714/440 469/2715/469
f 469/2716/469 440/2717/440 470/2718/470
f 440/2719/440 441/2720/441 470/2721/470
f 470/2722/470 441/2723/441 471/2724/471
f 441/2725/441 442/2726/442 471/2727/471
f 471/2728/471 442/2729/442 472/2730/472
f 442/2731/442 443/2732/443 472/2733/472
f 472/2734/472 443/2735/443 473/2736/473
f 443/2737/443 444/2738/444 473/2739/473
f 473/2740/473 444/2741/444 474/2742/474
f 444/2743/444 445/2744/445 474/2745/474
f 474/2746/474 445/2747/445 475/2748/475
f 445/2749/445 446/2750/446 475/2751/475
f 475/2752/475 446/2753/446 476/2754/476
f 446/2755/446 447/2756/447 476/2757/476
f 476/2758/476 447/2759/447 477/2760/477
f 447/2761/447 448/2762/448 477/2763/477
f 477/2764/477 448/2765/448 478/2766/478
f 448/2767/448 449/2768/449 478/2769/478
f 478/2770/478 449/2771/449 479/2772/479
f 449/2773/449 450/2774/450 479/2775/479
f 479/2776/479 450/2777/450 480/2778/480
f 450/2779/450 451/2780/451 480/2781/480
f 480/2782/480 451/2783/451 481/2784/481
f 451/2785/451 422/2786/422 481/2787/481
f 481/2788/481 422/2789/422 452/2790/452
f 452/2791/452 453/2792/453 482/2793/482
f 482/2794/482 453/2795/453 483/2796/483
f 453/2797/453 454/2798/454 483/2799/483
f 483/2800/483 454/2801/454 484/2802/484
f 454/2803/454 455/2804/455 484/2805/484
f 484/2806/484 455/2807/455 485/2808/485
f 455/2809/455 456/2810/456 485/2811/485
f 485/2812/485 456/2813/456 486/2814/486
f 456/2815/456 457/2816/457 486/2817/486
f 486/2818/486 457/2819/457 487/2820/487
f 457/2821/457 458/2822/458 487/2823/487
f 487/2824/487 458/2825/458 488/2826/488
f 458/2827/458 459/2828/459 488/2829/488
f 488/2830/488 459/2831/459 489/2832/489
f 459/2833/459 460/2834/460 489/2835/489
f 489/2836/489 460/2837/460 490/2838/490
f 460/2839/460 461/2840/461 490/2841/490
f 490/2842/490 461/2843/461 491/2844/491
f 461/2845/461 462/2846/462 491/2847/491
f 491/2848/491 462/2849/462 492/2850/492
f 462/2851/462 463/2852/463 492/2853/492
f 492/2854/492 463/2855/463 493/2856/493
f 463/2857/463 464/2858/464 493/2859/493
f 493/2860/493 464/2861/464 494/2862/494
f 464/2863/464 465/2864/465 494/2865/494
f 494/2866/494 465/2867/465 495/2868/495
f 465/2869/465 466/2870/466 495/2871/495
f 495/2872/495 466/2873/466 496/2874/496
f 466/2875/466 467/2876/467 496/2877/496
f 496/2878/496 467/2879/467 497/2880/497
f 467/2881/467 468/2882/468 497/2883/497
f 497/2884/497 468/2885/468 498/2886/498
f 468/2887/468 469/2888/469 498/2889/498
f 498/2890/498 469/2891/469 499/2892/499
f 469/2893/469 470/2894/470 499/2895/499
f 499/2896/499 470/2897/470 500/2898/500
f 470/2899/470 471/2900/471 500/2901/500
f 500/2902/500 471/2903/471 501/2904/501
f 471/2905/471 472/2906/472 501/2907/501
f 501/2908/501 472/2909/472 502/2910/502
f 472/2911/472 473/2912/473 502/2913/502
f 502/2914/502 473/2915/473 503/2916/503
f 473/2917/473 474/2918/474 503/2919/503
f 503/2920/503 474/2921/474 504/2922/504
f 474/2923/474 475/2924/475 504/2925/504
f 504/2926/504 475/2927/475 505/2928/505
f 475/2929/475 476/2930/476 505/2931/505
f 505/2932/505 476/2933/476 506/2934/506
f 476/2935/476 477/2936/477 506/2937/506
f 506/2938/506 477/2939/477 507/2940/507
f 477/2941/477 478/2942/478 507/2943/507
f 507/2944/507 478/2945/478 508/2946/508
f 478/2947/478 479/2948/479 508/2949/508
f 508/2950/508 479/2951/479 509/2952/509
f 479/2953/479 480/2954/480 509/2955/509
f 509/2956/509 480/2957/480 510/2958/510
f 480/2959/480 481/2960/481 510/2961/510
f 510/2962/510 481/2963/481 511/2964/511
f 481/2965/481 452/2966/452 511/2967/511
f 511/2968/511 452/2969/452 482/2970/482
f 482/2971/482 483/2972/483 512/2973/512
f 512/2974/512 483/2975/483 513/2976/513
f 483/2977/483 484/2978/484 513/2979/513
f 513/2980/513 484/2981/484 514/2982/514
f 484/2983/484 485/2984/485 514/2985/514
f 514/2986/514 485/2987/485 515/2988/515
f 485/2989/485 486/2990/486 515/2991/515
f 515/2992/515 486/2993/486 516/2994/516
f 486/2995/486 487/2996/487 516/2997/516
f 516/2998/516 487/2999/487 517/3000/517
f 487/3001/487 488/3002/488 517/3003/517
f 517/3004/517 488/3005/488 518/3006/518
f 488/3007/488 489/3008/489 518/3009/518
f 518/3010/518 489/3011/489 519/3012/519
f 489/3013/489 490/3014/490 519/3015/519
f 519/3016/519 490/3017/490 520/3018/520
f 490/3019/490 491/3020/491 520/3021/520
f 520/3022/520 491/3023/491 521/3024/521
f 491/3025/491 492/3026/492 521/3027/521
f 521/3028/521 492/3029/492 522/3030/522
f 492/3031/492 493/3032/493 522/3033/522
f 522/3034/522 493/3035/493 523/3036/523
f 493/3037/493 494/3038/494 523/3039/523
f 523/3040/523 494/3041/494 524/3042/524
f 494/3043/494 495/3044/495 524/3045/524
f 524/3046/524 495/3047/495 525/3048/525
f 495/3049/495 496/3050/496 525/3051/525
f 525/3052/525 496/3053/496 526/3054/526
f 496/3055/496 497/3056/497 526/3057/526
f 526/3058/526 497/3059/497 527/3060/527
f 497/3061/497 498/3062/498 527/3063/527
f 527/3064/527 498/3065/498 528/3066/528
f 498/3067/498 499/3068/499 528/3069/528
f 528/3070/528 499/3071/499 529/3072/529
f 499/3073/499 500/3074/500 529/3075/529
f 529/3076/529 500/3077/500 530/3078/530
f 500/3079/500 501/3080/501 530/3081/530
f 530/3082/530 501/3083/501 531/3084/531
f 501/3085/501 502/3086/502 531/3087/531
f 531/3088/531 502/3089/502 532/3090/532
f 502/3091/502 503/3092/503 532/3093/532
f 532/3094/532 503/3095/503 533/3096/533
f 503/3097/503 504/3098/504 533/3099/533
f 533/3100/533 504/3101/504 534/3102/534
f 504/3103/504 505/3104/505 534/3105/534
f 534/3106/534 505/3107/505 535/3108/535
f 505/3109/505 506/3110/506 535/3111/535
f 535/3112/535 506/3113/506 536/3114/536
f 506/3115/506 507/3116/507 536/3117/536
f 536/3118/536 507/3119/507 537/3120/537
f 507/3121/507 508/3122/508 537/3123/537
f 537/3124/537 508/3125/508 538/3126/538
f 508/3127/508 509/3128/509 538/3129/538
f 538/3130/538 509/3131/509 539/3132/539
f 509/3133/509 510/3134/510 539/3135/539
f 539/3136/539 510/3137/510 540/3138/540
f 510/3139/510 511/3140/511 540/3141/540
f 540/3142/540 511/3143/511 541/3144/541
f 511/3145/511 482/3146/482 541/3147/541
f 541/3148/541 482/3149/482 512/3150/512
f 512/3151/512 513/3152/513 542/3153/542
f 542/3154/542 513/3155/513 543/3156/543
f 513/3157/513 514/3158/514 543/3159/543
f 543/3160/543 514/3161/514 544/3162/544
f 514/3163/514 515/3164/515 544/3165/544
f 544/3166/544 515/3167/515 545/3168/545
f 515/3169/515 516/3170/516 545/3171/545
f 545/3172/545 516/3173/516 546/3174/546
f 516/3175/516 517/3176/517 546/3177/546
f 546/3178/546 517/3179/517 547/3180/547
f 517/3181/517 518/3182/518 547/3183/547
f 547/3184/547 518/3185/518 548/3186/548
f 518/3187/518 519/3188/519 548/3189/548
f 548/3190/548 519/3191/519 549/3192/549
f 519/3193/519 520/3194/520 549/3195/549
f 549/3196/549 520/3197/520 550/3198/550
f 520/3199/520 521/3200/521 550/3201/550
f 550/3202/550 521/3203/521 551/3204/551
f 521/3205/521 522/3206/522 551/3207/551
f 551/3208/551 522/3209/522 552/3210/552
f 522/3211/522 523/3212/523 552/3213/552
f 552/3214/552 523/3215/523 553/3216/553
f 523/3217/523 524/3218/524 553/3219/553
f 553/3220/553 524/3221/524 554/3222/554
f 524/3223/524 525/3224/525 554/3225/554
f 554/3226/554 525/3227/525 555/3228/555
f 525/3229/525 526/3230/526 555/3231/555
f 555/3232/555 526/3233/526 556/3234/556
f 526/3235/526 527/3236/527 556/3237/556
f 556/3238/556 527/3239/527 557/3240/557
f 527/3241/527 528/3242/528 557/3243/557
f 557/3244/557 528/3245/528 558/3246/558
f 528/3247/528 529/3248/529 558/3249/558
f 558/3250/558 529/3251/529 559/3252/559
f 529/3253/529 530/3254/530 559/3255/559
f 559/3256/559 530/3257/530 560/3258/560
f 530/3259/530 531/3260/531 560/3261/560
f 560/3262/560 531/3263/531 561/3264/561
f 531/3265/531 532/3266/532 561/3267/561
f 561/3268/561 532/3269/532 562/3270/562
f 532/3271/532 533/3272/533 562/3273/562
f 562/3274/562 533/3275/533 563/3276/563
f 533/3277/533 534/3278/534 563/3279/563
f 563/3280/563 534/3281/534 564/3282/564
f 534/3283/534 535/3284/535 564/3285/564
f 564/3286/564 535/3287/535 565/3288/565
f 535/3289/535 536/3290/536 565/3291/565
f 565/3292/565 536/3293/536 566/3294/566
f 536/3295/536 537/3296/537 566/3297/566
f 566/3298/566 537/3299/537 567/3300/567
f 537/3301/537 538/3302/538 567/3303/567
f 567/3304/567 538/3305/538 568/3306/568
f 538/3307/538 539/3308/539 568/3309/568
f 568/3310/568 539/3311/539 569/3312/569
f 539/3313/539 540/3314/540 569/3315/569
f 569/3316/569 540/3317/540 570/3318/570
f 540/3319/540 541/3320/541 570/3321/570
f 570/3322/570 541/3323/541 571/3324/571
f 541/3325/541 512/3326/512 571/3327/571
f 571/3328/571 512/3329/512 542/3330/542
f 542/3331/542 543/3332/543 572/3333/572
f 572/3334/572 543/3335/543 573/3336/573
f 543/3337/543 544/3338/544 573/3339/573
f 573/3340/573 544/3341/544 574/3342/574
f 544/3343/544 545/3344/545 574/3345/574
f 574/3346/574 545/3347/545 575/3348/575
f 545/3349/545 546/3350/546 575/3351/575
f 575/3352/575 546/3353/546 576/3354/576
f 546/3355/546 547/3356/547 576/3357/576
f 576/3358/576 547/3359/547 577/3360/577
f 547/3361/547 548/3362/548 577/3363/577
f 577/3364/577 548/3365/548 578/3366/578
f 548/3367/548 549/3368/549 578/3369/578
f 578/3370/578 549/3371/549 579/3372/579
f 549/3373/549 550/3374/550 579/3375/579
f 579/3376/579 550/3377/550 580/3378/580
f 550/3379/550 551/3380/551 580/3381/580
f 580/3382/580 551/3383/551 581/3384/581
f 551/3385/551 552/3386/552 581/3387/581
f 581/3388/581 552/3389/552 582/3390/582
f 552/3391/552 553/3392/553 582/3393/582
f 582/3394/582 553/3395/553 583/3396/583
f 553/3397/553 554/3398/554 583/3399/583
f 583/3400/583 554/3401/554 584/3402/584
f 554/3403/554 555/3404/555 584/3405/584
f 584/3406/584 555/3407/555 585/3408/585
f 555/3409/555 556/3410/556 585/3411/585
f 585/3412/585 556/3413/556 586/3414/586
f 556/3415/556 557/3416/557 586/3417/586
f 586/3418/586 557/3419/557 587/3420/587
f 557/3421/557 558/3422/558 587/3423/587
f 587/3424/587 558/3425/558 588/3426/588
f 558/3427/558 559/3428/559 588/3429/588
f 588/3430/588 559/3431/559 589/3432/589
f 559/3433/559 560/3434/560 589/3435/589
f 589/3436/589 560/3437/560 590/3438/590
f 560/3439/560 561/3440/561 590/3441/590
f 590/3442/590 561/3443/561 591/3444/591
f 561/3445/561 562/3446/562 591/3447/591
f 591/3448/591 562/3449/562 592/3450/592
f 562/3451/562 563/3452/563 592/3453/592
f 592/3454/592 563/3455/563 593/3456/593
f 563/3457/563 564/3458/564 593/3459/593
f 593/3460/593 564/3461/564 594/3462/594
f 564/3463/564 565/3464/565 594/3465/594
f 594/3466/594 565/3467/565 595/3468/595
f 565/3469/565 566/3470/566 595/3471/595
f 595/3472/595 566/3473/566 596/3474/596
f 566/3475/566 567/3476/567 596/3477/596
f 596/3478/596 567/3479/567 597/3480/597
f 567/3481/567 568/3482/568 597/3483/597
f 597/3484/597 568/3485/568 598/3486/598
f 568/3487/568 569/3488/569 598/3489/598
f 598/3490/598 569/3491/569 599/3492/599
f 569/3493/569 570/3494/570 599/3495/599
f 599/3496/599 570/3497/570 600/3498/600
f 570/3499/570 571/3500/571 600/3501/600
f 600/3502/600 571/3503/571 601/3504/601
f 571/3505/571 542/3506/542 601/3507/601
f 601/3508/601 542/3509/542 572/3510/572
f 572/3511/572 573/3512/573 602/3513/602
f 602/3514/602 573/3515/573 603/3516/603
f 573/3517/573 574/3518/574 603/3519/603
f 603/3520/603 574/3521/574 604/3522/604
f 574/3523/574 575/3524/575 604/3525/604
f 604/3526/604 575/3527/575 605/3528/605
f 575/3529/575 576/3530/576 605/3531/605
f 605/3532/605 576/3533/576 606/3534/606
f 576/3535/576 577/3536/577 606/3537/606
f 606/3538/606 577/3539/577 607/3540/607
f 577/3541/577 578/3542/578 607/3543/607
f 607/3544/607 578/3545/578 608/3546/608
f 578/3547/578 579/3548/579 608/3549/608
f 608/3550/608 579/3551/579 609/3552/609
f 579/3553/579 580/3554/580 609/3555/609
f 609/3556/609 580/3557/580 610/3558/610
f 580/3559/580 581/3560/581 610/3561/610
f 610/3562/610 581/3563/581 611/3564/611
f 581/3565/581 582/3566/582 611/3567/611
f 611/3568/611 582/3569/582 612/3570/612
f 582/3571/582 583/3572/583 612/3573/612
f 612/3574/612 583/3575/583 613/3576/613
f 583/3577/583 584/3578/584 613/3579/613
f 613/3580/613 584/3581/584 614/3582/614
f 584/3583/584 585/3584/585 614/3585/614
f 614/3586/614 585/3587/585 615/3588/615
f 585/3589/585 586/3590/586 615/3591/615
f 615/3592/615 586/3593/586 616/3594/616
f 586/3595/586 587/3596/587 616/3597/616
f 616/3598/616 587/3599/587 617/3600/617
f 587/3601/587 588/3602/588 617/3603/617
f 617/3604/617 588/3605/588 618/3606/618
f 588/3607/588 589/3608/589 618/3609/618
f 618/3610/618 589/3611/589 619/3612/619
f 589/3613/589 590/3614/590 619/3615/619
f 619/3616/619 590/3617/590 620/3618/620
f 590/3619/590 591/3620/591 620/3621/620
f 620/3622/620 591/3623/591 621/3624/621
f 591/3625/591 592/3626/592 621/3627/621
f 621/3628/621 592/3629/592 622/3630/622
f 592/3631/592 593/3632/593 622/3633/622
f 622/3634/622 593/3635/593 623/3636/623
f 593/3637/593 594/3638/594 623/3639/623
f 623/3640/623 594/3641/594 624/3642/624
f 594/3643/594 595/3644/595 624/3645/624
f 624/3646/624 595/3647/595 625/3648/625
f 595/3649/595 596/3650/596 625/3651/625
f 625/3652/625 596/3653/596 626/3654/626
f 596/3655/596 597/3656/597 626/3657/626
f 626/3658/626 597/3659/597 627/3660/627
f 597/3661/597 598/3662/598 627/3663/627
f 627/3664/627 598/3665/598 628/3666/628
f 598/3667/598 599/3668/599 628/3669/628
f 628/3670/628 599/3671/599 629/3672/629
f 599/3673/599 600/3674/600 629/3675/629
f 629/3676/629 600/3677/600 630/3678/630
f 600/3679/600 601/3680/601 630/3681/630
f 630/3682/630 601/3683/601 631/3684/631
f 601/3685/601 572/3686/572 631/3687/631
f 631/3688/631 572/3689/572 602/3690/602
f 602/3691/602 603/3692/603 632/3693/632
f 632/3694/632 603/3695/603 633/3696/633
f 603/3697/603 604/3698/604 633/3699/633
f 633/3700/633 604/3701/604 634/3702/634
f 604/3703/604 605/3704/605 634/3705/634
f 634/3706/634 605/3707/605 635/3708/635
f 605/3709/605 606/3710/606 635/3711/635
f 635/3712/635 606/3713/606 636/3714/636
f 606/3715/606 607/3716/607 636/3717/636
f 636/3718/636 607/3719/607 637/3720/637
f 607/3721/607 608/3722/608 637/3723/637
f 637/3724/637 608/3725/608 638/3726/638
f 608/3727/608 609/3728/609 638/3729/638
f 638/3730/638 609/3731/609 639/3732/639
f 609/3733/609 610/3734/610 639/3735/639
f 639/3736/639 610/3737/610 640/3738/640
f 610/3739/610 611/3740/611 640/3741/640
f 640/3742/640 611/3743/611 641/3744/641
f 611/3745/611 612/3746/612 641/3747/641
f 641/3748/641 612/3749/612 642/3750/642
f 612/3751/612 613/3752/613 642/3753/642
f 642/3754/642 613/3755/613 643/3756/643
f 613/3757/613 614/3758/614 643/3759/643
f 643/3760/643 614/3761/614 644/3762/644
f 614/3763/614 615/3764/615 644/3765/644
f 644/3766/644 615/3767/615 645/3768/645
f 615/3769/615 616/3770/616 645/3771/645
f 645/3772/645 616/3773/616 646/3774/646
f 616/3775/616 617/3776/617 646/3777/646
f 646/3778/646 617/3779/617 647/3780/647
f 617/3781/617 618/3782/618 647/3783/647
f 647/3784/647 618/3785/618 648/3786/648
f 618/3787/618 619/3788/619 648/3789/648
f 648/3790/648 619/3791/619 649/3792/649
f 619/3793/619 620/3794/620 649/3795/649
f 649/3796/649 620/3797/620 650/3798/650
f 620/3799/620 621/3800/621 650/3801/650
f 650/3802/650 621/3803/621 651/3804/651
f 621/3805/621 622/3806/622 651/3807/651
f 651/3808/651 622/3809/622 652/3810/652
f 622/3811/622 623/3812/623 652/3813/652
f 652/3814/652 623/3815/623 653/3816/653
f 623/3817/623 624/3818/624 653/3819/653
f 653/3820/653 624/3821/624 654/3822/654
f 624/3823/624 625/3824/625 654/3825/654
f 654/3826/654 625/3827/625 655/3828/655
f 625/3829/625 626/3830/626 655/3831/655
f 655/3832/655 626/3833/626 656/3834/656
f 626/3835/626 627/3836/627 656/3837/656
f 656/3838/656 627/3839/627 657/3840/657
f 627/3841/627 628/3842/628 657/3843/657
f 657/3844/657 628/3845/628 658/3846/658
f 628/3847/628 629/3848/629 658/3849/658
f 658/3850/658 629/3851/629 659/3852/659
f 629/3853/629 630/3854/630 659/3855/659
f 659/3856/659 630/3857/630 660/3858/660
f 630/3859/630 631/3860/631 660/3861/660
f 660/3862/660 631/3863/631 661/3864/661
f 631/3865/631 602/3866/602 661/3867/661
f 661/3868/661 602/3869/602 632/3870/632
f 632/3871/632 633/3872/633 662/3873/662
f 662/3874/662 633/3875/633 663/3876/663
f 633/3877/633 634/3878/634 663/3879/663
f 663/3880/663 634/3881/634 664/3882/664
f 634/3883/634 635/3884/635 664/3885/664
f 664/3886/664 635/3887/635 665/3888/665
f 635/3889/635 636/3890/636 665/3891/665
f 665/3892/665 636/3893/636 666/3894/666
f 636/3895/636 637/3896/637 666/3897/666
f 666/3898/666 637/3899/637 667/3900/667
f 637/3901/637 638/3902/638 667/3903/667
f 667/3904/667 638/3905/638 668/3906/668
f 638/3907/638 639/3908/639 668/3909/668
f 668/3910/668 639/3911/639 669/3912/669
f 639/3913/639 640/3914/640 669/3915/669
f 669/3916/669 640/3917/640 670/3918/670
f 640/3919/640 641/3920/641 670/3921/670
f 670/3922/670 641/3923/641 671/3924/671
f 641/3925/641 642/3926/642 671/3927/671
f 671/3928/671 642/3929/642 672/3930/672
f 642/3931/642 643/3932/643 672/3933/672
f 672/3934/672 643/3935/643 673/3936/673
f 643/3937/643 644/3938/644 673/3939/673
f 673/3940/673 644/3941/644 674/3942/674
f 644/3943/644 645/3944/645 674/3945/674
f 674/3946/674 645/3947/645 675/3948/675
f 645/3949/645 646/3950/646 675/3951/675
f 675/3952/675 646/3953/646 676/3954/676
f 646/3955/646 647/3956/647 676/3957/676
f 676/3958/676 647/3959/647 677/3960/677
f 647/3961/647 648/3962/648 677/3963/677
f 677/3964/677 648/3965/648 678/3966/678
f 648/3967/648 649/3968/649 678/3969/678
f 678/3970/678 649/3971/649 679/3972/679
f 649/3973/649 650/3974/650 679/3975/679
f 679/3976/679 650/3977/650 680/3978/680
f 650/3979/650 651/3980/651 680/3981/680
f 680/3982/680 651/3983/651 681/3984/681
f 651/3985/651 652/3986/652 681/3987/681
f 681/3988/681 652/3989/652 682/3990/682
f 652/3991/652 653/3992/653 682/3993/682
f 682/3994/682 653/3995/653 683/3996/683
f 653/3997/653 654/3998/654 683/3999/683
f 683/4000/683 654/4001/654 684/4002/684
f 654/4003/654 655/4004/655 684/4005/684
f 684/4006/684 655/4007/655 685/4008/685
f 655/4009/655 656/4010/656 685/4011/685
f 685/4012/685 656/4013/656 686/4014/686
f 656/4015/656 657/4016/657 686/4017/686
f 686/4018/686 657/4019/657 687/4020/687
f 657/4021/657 658/4022/658 687/4023/687
f 687/4024/687 658/4025/658 688/4026/688
f 658/4027/658 659/4028/659 688/4029/688
f 688/4030/688 659/4031/659 689/4032/689
f 659/4033/659 660/4034/660 689/4035/689
f 689/4036/689 660/4037/660 690/4038/690
f 660/4039/660 661/4040/661 690/4041/690
f 690/4042/690 661/4043/661 691/4044/691
f 661/4045/661 632/4046/632 691/4047/691
f 691/4048/691 632/4049/632 662/4050/662
f 662/4051/662 663/4052/663 692/4053/692
f 692/4054/692 663/4055/663 693/4056/693
f 663/4057/663 664/4058/664 693/4059/693
f 693/4060/693 664/4061/664 694/4062/694
f 664/4063/664 665/4064/665 694/4065/694
f 694/4066/694 665/4067/665 695/4068/695
f 665/4069/665 666/4070/666 695/4071/695
f 695/4072/695 666/4073/666 696/4074/696
f 666/4075/666 667/4076/667 696/4077/696
f 696/4078/696 667/4079/667 697/4080/697
f 667/4081/667 668/4082/668 697/4083/697
f 697/4084/697 668/4085/668 698/4086/698
f 668/4087/668 669/4088/669 698/4089/698
f 698/4090/698 669/4091/669 699/4092/699
f 669/4093/669 670/4094/670 699/4095/699
f 699/4096/699 670/4097/670 700/4098/700
f 670/4099/670 671/4100/671 700/4101/700
f 700/4102/700 671/4103/671 701/4104/701
f 671/4105/671 672/4106/672 701/4107/701
f 701/4108/701 672/4109/672 702/4110/702
f 672/4111/672 673/4112/673 702/4113/702
f 702/4114/702 673/4115/673 703/4116/703
f 673/4117/673 674/4118/674 703/4119/703
f 703/4120/703 674/4121/674 704/4122/704
f 674/4123/674 675/4124/675 704/4125/704
f 704/4126/704 675/4127/675 705/4128/705
f 675/4129/675 676/4130/676 705/4131/705
f 705/4132/705 676/4133/676 706/4134/706
f 676/4135/676 677/4136/677 706/4137/706
f 706/4138/706 677/4139/677 707/4140/707
f 677/4141/677 678/4142/678 707/4143/707
f 707/4144/707 678/4145/678 708/4146/708
f 678/4147/678 679/4148/679 708/4149/708
f 708/4150/708 679/4151/679 709/4152/709
f 679/4153/679 680/4154/680 709/4155/709
f 709/4156/709 680/4157/680 710/4158/710
f 680/4159/680 681/4160/681 710/4161/710
f 710/4162/710 681/4163/681 711/4164/711
f 681/4165/681 682/4166/682 711/4167/711
f 711/4168/711 682/4169/682 712/4170/712
f 682/4171/682 683/4172/683 712/4173/712
f 712/4174/712 683/4175/683 713/4176/713
f 683/4177/683 684/4178/684 713/4179/713
f 713/4180/713 684/4181/684 714/4182/714
f 684/4183/684 685/4184/685 714/4185/714
f 714/4186/714 685/4187/685 715/4188/715
f 685/4189/685 686/4190/686 715/4191/715
f 715/4192/715 686/4193/686 716/4194/716
f 686/4195/686 687/4196/687 716/4197/716
f 716/4198/716 687/4199/687 717/4200/717
f 687/4201/687 688/4202/688 717/4203/717
f 717/4204/717 688/4205/688 718/4206/718
f 688/4207/688 689/4208/689 718/4209/718
f 718/4210/718 689/4211/689 719/4212/719
f 689/4213/689 690/4214/690 719/4215/719
f 719/4216/719 690/4217/690 720/4218/720
f 690/4219/690 691/4220/691 720/4221/720
f 720/4222/720 691/4223/691 721/4224/721
f 691/4225/691 662/4226/662 721/4227/721
f 721/4228/721 662/4229/662 692/4230/692
f 692/4231/692 693/4232/693 722/4233/722
f 722/4234/722 693/4235/693 723/4236/723
f 693/4237/693 694/4238/694 723/4239/723
f 723/4240/723 694/4241/694 724/4242/724
f 694/4243/694 695/4244/695 724/4245/724
f 724/4246/724 695/4247/695 725/4248/725
f 695/4249/695 696/4250/696 725/4251/725
f 725/4252/725 696/4253/696 726/4254/726
f 696/4255/696 697/4256/697 726/4257/726
f 726/4258/726 697/4259/697 727/4260/727
f 697/4261/697 698/4262/698 727/4263/727
f 727/4264/727 698/4265/698 728/4266/728
f 698/4267/698 699/4268/699 728/4269/728
f 728/4270/728 699/4271/699 729/4272/729
f 699/4273/699 700/4274/700 729/4275/729
f 729/4276/729 700/4277/700 730/4278/730
f 700/4279/700 701/4280/701 730/4281/730
f 730/4282/730 701/4283/701 731/4284/731
f 701/4285/701 702/4286/702 731/4287/731
f 731/4288/731 702/4289/702 732/4290/732
f 702/4291/702 703/4292/703 732/4293/732
f 732/4294/732 703/4295/703 733/4296/733
f 703/4297/703 704/4298/704 733/4299/733
f 733/4300/733 704/4301/704 734/4302/734
f 704/4303/704 705/4304/705 734/4305/734
f 734/4306/734 705/4307/705 735/4308/735
f 705/4309/705 706/4310/706 735/4311/735
f 735/4312/735 706/4313/706 736/4314/736
f 706/4315/706 707/4316/707 736/4317/736
f 736/4318/736 707/4319/707 737/4320/737
f 707/4321/707 708/4322/708 737/4323/737
f 737/4324/737 708/4325/708 738/4326/738
f 708/4327/708 709/4328/709 738/4329/738
f 738/4330/738 709/4331/709 739/4332/739
f 709/4333/709 710/4334/710 739/4335/739
f 739/4336/739 710/4337/710 740/4338/740
f 710/4339/710 711/4340/711 740/4341/740
f 740/4342/740 711/4343/711 741/4344/741
f 711/4345/711 712/4346/712 741/4347/741
f 741/4348/741 712/4349/712 742/4350/742
f 712/4351/712 713/4352/713 742/4353/742
f 742/4354/742 713/4355/713 743/4356/743
f 713/4357/713 714/4358/714 743/4359/743
f 743/4360/743 714/4361/714 744/4362/744
f 714/4363/714 715/4364/715 744/4365/744
f 744/4366/744 715/4367/715 745/4368/745
f 715/4369/715 716/4370/716 745/4371/745
f 745/4372/745 716/4373/716 746/4374/746
f 716/4375/716 717/4376/717 746/4377/746
f 746/4378/746 717/4379/717 747/4380/747
f 717/4381/717 718/4382/718 747/4383/747
f 747/4384/747 718/4385/718 748/4386/748
f 718/4387/718 719/4388/719 748/4389/748
f 748/4390/748 719/4391/719 749/4392/749
f 719/4393/719 720/4394/720 749/4395/749
f 749/4396/749 720/4397/720 750/4398/750
f 720/4399/720 721/4400/721 750/4401/750
f 750/4402/750 721/4403/721 751/4404/751
f 721/4405/721 692/4406/692 751/4407/751
f 751/4408/751 692/4409/692 722/4410/722
f 722/4411/722 723/4412/723 752/4413/752
f 752/4414/752 723/4415/723 753/4416/753
f 723/4417/723 724/4418/724 753/4419/753
f 753/4420/753 724/4421/724 754/4422/754
f 724/4423/724 725/4424/725 754/4425/754
f 754/4426/754 725/4427/725 755/4428/755
f 725/4429/725 726/4430/726 755/4431/755
f 755/4432/755 726/4433/726 756/4434/756
f 726/4435/726 727/4436/727 756/4437/756
f 756/4438/756 727/4439/727 757/4440/757
f 727/4441/727 728/4442/728 757/4443/757
f 757/4444/757 728/4445/728 758/4446/758
f 728/4447/728 729/4448/729 758/4449/758
f 758/4450/758 729/4451/729 759/4452/759
f 729/4453/729 730/4454/730 759/4455/759
f 759/4456/759 730/4457/730 760/4458/760
f 730/4459/730 731/4460/731 760/4461/760
f 760/4462/760 731/4463/731 761/4464/761
f 731/4465/731 732/4466/732 761/4467/761
f 761/4468/761 732/4469/732 762/4470/762
f 732/4471/732 733/4472/733 762/4473/762
f 762/4474/762 733/4475/733 763/4476/763
f 733/4477/733 734/4478/734 763/4479/763
f 763/4480/763 734/4481/734 764/4482/764
f 734/4483/734 735/4484/735 764/4485/764
f 764/4486/764 735/4487/735 765/4488/765
f 735/4489/735 736/4490/736 765/4491/765
f 765/4492/765 736/4493/736 766/4494/766
f 736/4495/736 737/4496/737 766/4497/766
f 766/4498/766 737/4499/737 767/4500/767
f 737/4501/737 738/4502/738 767/4503/767
f 767/4504/767 738/4505/738 768/4506/768
f 738/4507/738 739/4508/739 768/4509/768
f 768/4510/768 739/4511/739 769/4512/769
f 739/4513/739 740/4514/740 769/4515/769
f 769/4516/769 740/4517/740 770/4518/770
f 740/4519/740 741/4520/741 770/4521/770
f 770/4522/770 741/4523/741 771/4524/771
f 741/4525/741 742/4526/742 771/4527/771
f 771/4528/771 742/4529/742 772/4530/772
f 742/4531/742 743/4532/743 772/4533/772
f 772/4534/772 743/4535/743 773/4536/773
f 743/4537/743 744/4538/744 773/4539/773
f 773/4540/773 744/4541/744 774/4542/774
f 744/4543/744 745/4544/745 774/4545/774
f 774/4546/774 745/4547/745 775/4548/775
f 745/4549/745 746/4550/746 775/4551/775
f 775/4552/775 746/4553/746 776/4554/776
f 746/4555/746 747/4556/747 776/4557/776
f 776/4558/776 747/4559/747 777/4560/777
f 747/4561/747 748/4562/748 777/4563/777
f 777/4564/777 748/4565/748 778/4566/778
f 748/4567/748 749/4568/749 778/4569/778
f 778/4570/778 749/4571/749 779/4572/779
f 749/4573/749 750/4574/750 779/4575/779
f 779/4576/779 750/4577/750 780/4578/780
f 750/4579/750 751/4580/751 780/4581/780
f 780/4582/780 751/4583/751 781/4584/781
f 751/4585/751 722/4586/722 781/4587/781
f 781/4588/781 722/4589/722 752/4590/752
f 752/4591/752 753/4592/753 782/4593/782
f 782/4594/782 753/4595/753 783/4596/783
f 753/4597/753 754/4598/754 783/4599/783
f 783/4600/783 754/4601/754 784/4602/784
f 754/4603/754 755/4604/755 784/4605/784
f 784/4606/784 755/4607/755 785/4608/785
f 755/4609/755 756/4610/756 785/4611/785
f 785/4612/785 756/4613/756 786/4614/786
f 756/4615/756 757/4616/757 786/4617/786
f 786/4618/786 757/4619/757 787/4620/787
f 757/4621/757 758/4622/758 787/4623/787
f 787/4624/787 758/4625/758 788/4626/788
f 758/4627/758 759/4628/759 788/4629/788
f 788/4630/788 759/4631/759 789/4632/789
f 759/4633/759 760/4634/760 789/4635/789
f 789/4636/789 760/4637/760 790/4638/790
f 760/4639/760 761/4640/761 790/4641/790
f 790/4642/790 761/4643/761 791/4644/791
f 761/4645/761 762/4646/762 791/4647/791
f 791/4648/791 762/4649/762 792/4650/792
f 762/4651/762 763/4652/763 792/4653/792
f 792/4654/792 763/4655/763 793/4656/793
f 763/4657/763 764/4658/764 793/4659/793
f 793/4660/793 764/4661/764 794/4662/794
f 764/4663/764 765/4664/765 794/4665/794
f 794/4666/794 765/4667/765 795/4668/795
f 765/4669/765 766/4670/766 795/4671/795
f 795/4672/795 766/4673/766 796/4674/796
f 766/4675/766 767/4676/767 796/4677/796
f 796/4678/796 767/4679/767 797/4680/797
f 767/4681/767 768/4682/768 797/4683/797
f 797/4684/797 768/4685/768 798/4686/798
f 768/4687/768 769/4688/769 798/4689/798
f 798/4690/798 769/4691/769 799/4692/799
f 769/4693/769 770/4694/770 799/4695/799
f 799/4696/799 770/4697/770 800/4698/800
f 770/4699/770 771/4700/771 800/4701/800
f 800/4702/800 771/4703/771 801/4704/801
f 771/4705/771 772/4706/772 801/4707/801
f 801/4708/801 772/4709/772 802/4710/802
f 772/4711/772 773/4712/773 802/4713/802
f 802/4714/802 773/4715/773 803/4716/803
f 773/4717/773 774/4718/774 803/4719/803
f 803/4720/803 774/4721/774 804/4722/804
f 774/4723/774 775/4724/775 804/4725/804
f 804/4726/804 775/4727/775 805/4728/805
f 775/4729/775 776/4730/776 805/4731/805
f 805/4732/805 776/4733/776 806/4734/806
f 776/4735/776 777/4736/777 806/4737/806
f 806/4738/806 777/4739/777 807/4740/807
f 777/4741/777 778/4742/778 807/4743/807
f 807/4744/807 778/4745/778 808/4746/808
f 778/4747/778 779/4748/779 808/4749/808
f 808/4750/808 779/4751/779 809/4752/809
f 779/4753/779 780/4754/780 809/4755/809
f 809/4756/809 780/4757/780 810/4758/810
f 780/4759/780 781/4760/781 810/4761/810
f 810/4762/810 781/4763/781 811/4764/811
f 781/4765/781 752/4766/752 811/4767/811
f 811/4768/811 752/4769/752 782/4770/782
f 782/4771/782 783/4772/783 812/4773/812
f 812/4774/812 783/4775/783 813/4776/813
f 783/4777/783 784/4778/784 813/4779/813
f 813/4780/813 784/4781/784 814/4782/814
f 784/4783/784 785/4784/785 814/4785/814
f 814/4786/814 785/4787/785 815/4788/815
f 785/4789/785 786/4790/786 815/4791/815
f 815/4792/815 786/4793/786 816/4794/816
f 786/4795/786 787/4796/787 816/4797/816
f 816/4798/816 787/4799/787 817/4800/817
f 787/4801/787 788/4802/788 817/4803/817
f 817/4804/817 788/4805/788 818/4806/818
f 788/4807/788 789/4808/789 818/4809/818
f 818/4810/818 789/4811/789 819/4812/819
f 789/4813/789 790/4814/790 819/4815/819
f 819/4816/819 790/4817/790 820/4818/820
f 790/4819/790 791/4820/791 820/4821/820
f 820/4822/820 791/4823/791 821/4824/821
f 791/4825/791 792/4826/792 821/4827/821
f 821/4828/821 792/4829/792 822/4830/822
f 792/4831/792 793/4832/793 822/4833/822
f 822/4834/822 793/4835/793 823/4836/823
f 793/4837/793 794/4838/794 823/4839/823
f 823/4840/823 794/4841/794 824/4842/824
f 794/4843/794 795/4844/795 824/4845/824
f 824/4846/824 795/4847/795 825/4848/825
f 795/4849/795 796/4850/796 825/4851/825
f 825/4852/825 796/4853/796 826/4854/826
f 796/4855/796 797/4856/797 826/4857/826
f 826/4858/826 797/4859/797 827/4860/827
f 797/4861/797 798/4862/798 827/4863/827
f 827/4864/827 798/4865/798 828/4866/828
f 798/4867/798 799/4868/799 828/4869/828
f 828/4870/828 799/4871/799 829/4872/829
f 799/4873/799 800/4874/800 829/4875/829
f 829/4876/829 800/4877/800 830/4878/830
f 800/4879/800 801/4880/801 830/4881/830
f 830/4882/830 801/4883/801 831/4884/831
f 801/4885/801 802/4886/802 831/4887/831
f 831/4888/831 802/4889/802 832/4890/832
f 802/4891/802 803/4892/803 832/4893/832
f 832/4894/832 803/4895/803 833/4896/833
f 803/4897/803 804/4898/804 833/4899/833
f 833/4900/833 804/4901/804 834/4902/834
f 804/4903/804 805/4904/805 834/4905/834
f 834/4906/834 805/4907/805 835/4908/835
f 805/4909/805 806/4910/806 835/4911/835
f 835/4912/835 806/4913/806 836/4914/836
f 806/4915/806 807/4916/807 836/4917/836
f 836/4918/836 807/4919/807 837/4920/837
f 807/4921/807 808/4922/808 837/4923/837
f 837/4924/837 808/4925/808 838/4926/838
f 808/4927/808 809/4928/809 838/4929/838
f 838/4930/838 809/4931/809 839/4932/839
f 809/4933/809 810/4934/810 839/4935/839
f 839/4936/839 810/4937/810 840/4938/840
f 810/4939/810 811/4940/811 840/4941/840
f 840/4942/840 811/4943/811 841/4944/841
f 811/4945/811 782/4946/782 841/4947/841
f 841/4948/841 782/4949/782 812/4950/812
f 812/4951/812 813/4952/813 842/4953/842
f 842/4954/842 813/4955/813 843/4956/843
f 813/4957/813 814/4958/814 843/4959/843
f 843/4960/843 814/4961/814 844/4962/844
f 814/4963/814 815/4964/815 844/4965/844
f 844/4966/844 815/4967/815 845/4968/845
f 815/4969/815 816/4970/816 845/4971/845
f 845/4972/845 816/4973/816 846/4974/846
f 816/4975/816 817/4976/817 846/4977/846
f 846/4978/846 817/4979/817 847/4980/847
f 817/4981/817 818/4982/818 847/4983/847
f 847/4984/847 818/4985/818 848/4986/848
f 818/4987/818 819/4988/819 848/4989/848
f 848/4990/848 819/4991/819 849/4992/849
f 819/4993/819 820/4994/820 849/4995/849
f 849/4996/849 820/4997/820 850/4998/850
f 820/4999/820 821/5000/821 850/5001/850
f 850/5002/850 821/5003/821 851/5004/851
f 821/5005/821 822/5006/822 851/5007/851
f 851/5008/851 822/5009/822 852/5010/852
f 822/5011/822 823/5012/823 852/5013/852
f 852/5014/852 823/5015/823 853/5016/853
f 823/5017/823 824/5018/824 853/5019/853
f 853/5020/853 824/5021/824 854/5022/854
f 824/5023/824 825/5024/825 854/5025/854
f 854/5026/854 825/5027/825 855/5028/855
f 825/5029/825 826/5030/826 855/5031/855
f 855/5032/855 826/5033/826 856/5034/856
f 826/5035/826 827/5036/827 856/5037/856
f 856/5038/856 827/5039/827 857/5040/857
f 827/5041/827 828/5042/828 857/5043/857
f 857/5044/857 828/5045/828 858/5046/858
f 828/5047/828 829/5048/829 858/5049/858
f 858/5050/858 829/5051/829 859/5052/859
f 829/5053/829 830/5054/830 859/5055/859
f 859/5056/859 830/5057/830 860/5058/860
f 830/5059/830 831/5060/831 860/5061/860
f 860/5062/860 831/5063/831 861/5064/861
f 831/5065/831 832/5066/832 861/5067/861
f 861/5068/861 832/5069/832 862/5070/862
f 832/5071/832 833/5072/833 862/5073/862
f 862/5074/862 833/5075/833 863/5076/863
f 833/5077/833 834/5078/834 863/5079/863
f 863/5080/863 834/5081/834 864/5082/864
f 834/5083/834 835/5084/835 864/5085/864
f 864/5086/864 835/5087/835 865/5088/865
f 835/5089/835 836/5090/836 865/5091/865
f 865/5092/865 836/5093/836 866/5094/866
f 836/5095/836 837/5096/837 866/5097/866
f 866/5098/866 837/5099/837 867/5100/867
f 837/5101/837 838/5102/838 867/5103/867
f 867/5104/867 838/5105/838 868/5106/868
f 838/5107/838 839/5108/839 868/5109/868
f 868/5110/868 839/5111/839 869/5112/869
f 839/5113/839 840/5114/840 869/5115/869
f 869/5116/869 840/5117/840 870/5118/870
f 840/5119/840 841/5120/841 870/5121/870
f 870/5122/870 841/5123/841 871/5124/871
f 841/5125/841 812/5126/812 871/5127/871
f 871/5128/871 812/5129/812 842/5130/842
f 842/5131/842 843/5132/843 872/5133/872
f 843/5134/843 844/5135/844 872/5136/872
f 844/5137/844 845/5138/845 872/5139/872
f 845/5140/845 846/5141/846 872/5142/872
f 846/5143/846 847/5144/847 872/5145/872
f 847/5146/847 848/5147/848 872/5148/872
f 848/5149/848 849/5150/849 872/5151/872
f 849/5152/849 850/5153/850 872/5154/872
f 850/5155/850 851/5156/851 872/5157/872
f 851/5158/851 852/5159/852 872/5160/872
f 852/5161/852 853/5162/853 872/5163/872
f 853/5164/853 854/5165/854 872/5166/872
f 854/5167/854 855/5168/855 872/5169/872
f 855/5170/855 856/5171/856 872/5172/872
f 856/5173/856 857/5174/857 872/5175/872
f 857/5176/857 858/5177/858 872/5178/872
f 858/5179/858 859/5180/859 872/5181/872
f 859/5182/859 860/5183/860 872/5184/872
f 860/5185/860 861/5186/861 872/5187/872
f 861/5188/861 862/5189/862 872/5190/872
f 862/5191/862 863/5192/863 872/5193/872
f 863/5194/863 864/5195/864 872/5196/872
f 864/5197/864 865/5198/865 872/5199/872
f 865/5200/865 866/5201/866 872/5202/872
f 866/5203/866 867/5204/867 872/5205/872
f 867/5206/867 868/5207/868 872/5208/872
f 868/5209/868 869/5210/869 872/5211/872
f 869/5212/869 870/5213/870 872/5214/872
f 870/5215/870 871/5216/871 872/5217/872
f 871/5218/871 842/5219/842 872/5220/872

# end of file
